band_um,model,flux_mjy,bin_min_mjy,bin_max_mjy,N_bin,euclidean_jy15_deg2,euclidean_err_jy15_deg2
250,fsps,5.9658317923524695,5.000000000000001,7.118229794928693,4909,3.1854256616979746,0.04546434706430184
250,fsps,8.493232323171238,7.118229794928693,10.133839082682117,3833,4.224898318180469,0.06824123085087039
250,fsps,12.091355875609787,10.133839082682117,14.426999059072134,2647,4.956035205324476,0.0963290799004122
250,fsps,17.21380993097034,14.426999059072134,20.5389389107391,1744,5.546639263370596,0.13281792202740106
250,fsps,24.5063709469745,20.5389389107391,29.240177382128667,1081,5.839990417733585,0.17762303544017735
250,fsps,34.888395968065744,29.240177382128667,41.62766037009365,555,5.093102578633192,0.21619016435728283
250,fsps,49.66872393543112,41.62766037009365,59.26305046791458,269,4.193191721439263,0.25566341148673644
250,fsps,70.71067811865476,59.26305046791458,84.36960231581453,133,3.5216572081405153,0.305366407442512
250,fsps,100.66697116076413,84.36960231581453,120.11244339814311,32,1.439290361807307,0.2544329937325966
250,fsps,143.3141266963557,120.11244339814311,170.99759466766963,15,1.1460213209372472,0.29590143269257224
250,fsps,204.02857733683695,170.99759466766963,243.4400346449093,13,1.68712705651145,0.46792485465189726
250,fsps,290.4644596431972,243.4400346449093,346.5724215775732,5,1.102243234589218,0.4929381600561478
250,fsps,413.5185542000137,346.5724215775732,493.39642747481366,0,,
250,fsps,588.7040186524744,493.39642747481366,702.4218301525182,1,0.636082484331491,0.636082484331491
250,fsps,838.10609719326,702.4218301525182,1000.0,0,,
250,aless,5.9658317923524695,5.000000000000001,7.118229794928693,5111,3.3165024560884797,0.04639032154801576
250,aless,8.493232323171238,7.118229794928693,10.133839082682117,3218,3.547018728908101,0.0625274131633494
250,aless,12.091355875609787,10.133839082682117,14.426999059072134,1816,3.4001359776612192,0.07978814413279335
250,aless,17.21380993097034,14.426999059072134,20.5389389107391,803,2.5538711745909337,0.09012415662286064
250,aless,24.5063709469745,20.5389389107391,29.240177382128667,327,1.7665835953736189,0.09769229605131263
250,aless,34.888395968065744,29.240177382128667,41.62766037009365,123,1.1287416525619507,0.10177520734994479
250,aless,49.66872393543112,41.62766037009365,59.26305046791458,38,0.592346785928223,0.0960913374155159
250,aless,70.71067811865476,59.26305046791458,84.36960231581453,26,0.6884442662530331,0.13501502875558777
250,aless,100.66697116076413,84.36960231581453,120.11244339814311,7,0.31484476664534844,0.11900013630482226
250,aless,143.3141266963557,120.11244339814311,170.99759466766963,5,0.3820071069790824,0.17083877181865254
250,aless,204.02857733683695,170.99759466766963,243.4400346449093,0,,
250,aless,290.4644596431972,243.4400346449093,346.5724215775732,0,,
250,aless,413.5185542000137,346.5724215775732,493.39642747481366,0,,
250,aless,588.7040186524744,493.39642747481366,702.4218301525182,0,,
250,aless,838.10609719326,702.4218301525182,1000.0,1,1.0804792632254527,1.0804792632254527
250,aless_bright,5.9658317923524695,5.000000000000001,7.118229794928693,5389,3.4968952721308586,0.047635259352867845
250,aless_bright,8.493232323171238,7.118229794928693,10.133839082682117,3436,3.78730775404855,0.06461063650210619
250,aless_bright,12.091355875609787,10.133839082682117,14.426999059072134,1918,3.5911127781686227,0.08199828002954027
250,aless_bright,17.21380993097034,14.426999059072134,20.5389389107391,895,2.84646911738342,0.09514696915188918
250,aless_bright,24.5063709469745,20.5389389107391,29.240177382128667,368,1.9880818443348374,0.10363593021724676
250,aless_bright,34.888395968065744,29.240177382128667,41.62766037009365,141,1.293923357814919,0.10896800414966748
250,aless_bright,49.66872393543112,41.62766037009365,59.26305046791458,43,0.6702871524977261,0.10221783246821578
250,aless_bright,70.71067811865476,59.26305046791458,84.36960231581453,29,0.767880143128383,0.1425917628576681
250,aless_bright,100.66697116076413,84.36960231581453,120.11244339814311,8,0.35982259045182674,0.1272164968662983
250,aless_bright,143.3141266963557,120.11244339814311,170.99759466766963,4,0.3056056855832659,0.15280284279163295
250,aless_bright,204.02857733683695,170.99759466766963,243.4400346449093,1,0.12977900434703463,0.1297790043470346
250,aless_bright,290.4644596431972,243.4400346449093,346.5724215775732,0,,
250,aless_bright,413.5185542000137,346.5724215775732,493.39642747481366,0,,
250,aless_bright,588.7040186524744,493.39642747481366,702.4218301525182,0,,
250,aless_bright,838.10609719326,702.4218301525182,1000.0,1,1.0804792632254527,1.0804792632254527
250,aless_faint,5.9658317923524695,5.000000000000001,7.118229794928693,3632,2.356786718942156,0.039106357145778
250,aless_faint,8.493232323171238,7.118229794928693,10.133839082682117,2155,2.375334170539763,0.051168310694863106
250,aless_faint,12.091355875609787,10.133839082682117,14.426999059072134,981,1.8367474637035552,0.0586428333349516
250,aless_faint,17.21380993097034,14.426999059072134,20.5389389107391,434,1.3802989909993342,0.06625647180899033
250,aless_faint,24.5063709469745,20.5389389107391,29.240177382128667,160,0.864383410580364,0.06833550872746093
250,aless_faint,34.888395968065744,29.240177382128667,41.62766037009365,60,0.5506056841765613,0.07108288817143209
250,aless_faint,49.66872393543112,41.62766037009365,59.26305046791458,19,0.2961733929641115,0.06794683629979592
250,aless_faint,70.71067811865476,59.26305046791458,84.36960231581453,12,0.3177435075013999,0.09172464979459455
250,aless_faint,100.66697116076413,84.36960231581453,120.11244339814311,6,0.2698669428388701,0.11017271806667775
250,aless_faint,143.3141266963557,120.11244339814311,170.99759466766963,0,,
250,aless_faint,204.02857733683695,170.99759466766963,243.4400346449093,0,,
250,aless_faint,290.4644596431972,243.4400346449093,346.5724215775732,0,,
250,aless_faint,413.5185542000137,346.5724215775732,493.39642747481366,0,,
250,aless_faint,588.7040186524744,493.39642747481366,702.4218301525182,0,,
250,aless_faint,838.10609719326,702.4218301525182,1000.0,1,1.0804792632254527,1.0804792632254527
250,hybrid25,5.9658317923524695,5.000000000000001,7.118229794928693,5132,3.3301292515449186,0.04648552778082854
250,hybrid25,8.493232323171238,7.118229794928693,10.133839082682117,3776,4.162070453808884,0.06773192747585524
250,hybrid25,12.091355875609787,10.133839082682117,14.426999059072134,2548,4.770675369537878,0.09451052012891174
250,hybrid25,17.21380993097034,14.426999059072134,20.5389389107391,1518,4.8278660560760125,0.12391370051306887
250,hybrid25,24.5063709469745,20.5389389107391,29.240177382128667,861,4.651463228185584,0.1585214427405683
250,hybrid25,34.888395968065744,29.240177382128667,41.62766037009365,403,3.6982348453859033,0.18422219949874413
250,hybrid25,49.66872393543112,41.62766037009365,59.26305046791458,186,2.8993816363855123,0.21259297616091288
250,hybrid25,70.71067811865476,59.26305046791458,84.36960231581453,78,2.065332798759099,0.23385288959005104
250,hybrid25,100.66697116076413,84.36960231581453,120.11244339814311,21,0.9445342999360453,0.20611428218757383
250,hybrid25,143.3141266963557,120.11244339814311,170.99759466766963,15,1.1460213209372472,0.29590143269257224
250,hybrid25,204.02857733683695,170.99759466766963,243.4400346449093,9,1.1680110391233116,0.38933701304110385
250,hybrid25,290.4644596431972,243.4400346449093,346.5724215775732,1,0.2204486469178436,0.2204486469178436
250,hybrid25,413.5185542000137,346.5724215775732,493.39642747481366,0,,
250,hybrid25,588.7040186524744,493.39642747481366,702.4218301525182,1,0.636082484331491,0.636082484331491
250,hybrid25,838.10609719326,702.4218301525182,1000.0,0,,
250,hybrid50,5.9658317923524695,5.000000000000001,7.118229794928693,5318,3.4508237255876613,0.047320421980572645
250,hybrid50,8.493232323171238,7.118229794928693,10.133839082682117,3748,4.131207643240385,0.06748033547223205
250,hybrid50,12.091355875609787,10.133839082682117,14.426999059072134,2350,4.399955697964684,0.09076415578956427
250,hybrid50,17.21380993097034,14.426999059072134,20.5389389107391,1272,4.045484600348279,0.11342975568417485
250,hybrid50,24.5063709469745,20.5389389107391,29.240177382128667,659,3.5601791723278744,0.13868489047238405
250,hybrid50,34.888395968065744,29.240177382128667,41.62766037009365,264,2.42266501037687,0.14910472413537476
250,hybrid50,49.66872393543112,41.62766037009365,59.26305046791458,122,1.901744944295874,0.1721758973144148
250,hybrid50,70.71067811865476,59.26305046791458,84.36960231581453,39,1.0326663993795495,0.16535896402919406
250,hybrid50,100.66697116076413,84.36960231581453,120.11244339814311,19,0.8545786523230886,0.19605378867281706
250,hybrid50,143.3141266963557,120.11244339814311,170.99759466766963,11,0.8404156353539812,0.25339484821975433
250,hybrid50,204.02857733683695,170.99759466766963,243.4400346449093,4,0.5191160173881385,0.2595580086940692
250,hybrid50,290.4644596431972,243.4400346449093,346.5724215775732,0,,
250,hybrid50,413.5185542000137,346.5724215775732,493.39642747481366,0,,
250,hybrid50,588.7040186524744,493.39642747481366,702.4218301525182,0,,
250,hybrid50,838.10609719326,702.4218301525182,1000.0,1,1.0804792632254527,1.0804792632254527
250,hybrid75,5.9658317923524695,5.000000000000001,7.118229794928693,5371,3.4852151617396254,0.047555638657564
250,hybrid75,8.493232323171238,7.118229794928693,10.133839082682117,3642,4.014369860373929,0.06651926051705644
250,hybrid75,12.091355875609787,10.133839082682117,14.426999059072134,2015,3.7727279708080164,0.08404617761133173
250,hybrid75,17.21380993097034,14.426999059072134,20.5389389107391,1029,3.2726443818855184,0.1020213646439616
250,hybrid75,24.5063709469745,20.5389389107391,29.240177382128667,492,2.6579789875346194,0.11983094713220259
250,hybrid75,34.888395968065744,29.240177382128667,41.62766037009365,171,1.5692261999031998,0.12000172675323514
250,hybrid75,49.66872393543112,41.62766037009365,59.26305046791458,62,0.9664605454618376,0.12274061201432675
250,hybrid75,70.71067811865476,59.26305046791458,84.36960231581453,25,0.6619656406279164,0.1323931281255833
250,hybrid75,100.66697116076413,84.36960231581453,120.11244339814311,17,0.7646230047101319,0.1854483183645308
250,hybrid75,143.3141266963557,120.11244339814311,170.99759466766963,6,0.45840852837489887,0.18714449804310768
250,hybrid75,204.02857733683695,170.99759466766963,243.4400346449093,0,,
250,hybrid75,290.4644596431972,243.4400346449093,346.5724215775732,0,,
250,hybrid75,413.5185542000137,346.5724215775732,493.39642747481366,0,,
250,hybrid75,588.7040186524744,493.39642747481366,702.4218301525182,0,,
250,hybrid75,838.10609719326,702.4218301525182,1000.0,1,1.0804792632254527,1.0804792632254527
250,wang_snr3,5.9658317923524695,5.000000000000001,7.118229794928693,934,0.6060679503006535,0.01983114912916888
250,wang_snr3,8.493232323171238,7.118229794928693,10.133839082682117,1481,1.6324222304266305,0.042418467198624625
250,wang_snr3,12.091355875609787,10.133839082682117,14.426999059072134,1453,2.720483246443696,0.07136959767953943
250,wang_snr3,17.21380993097034,14.426999059072134,20.5389389107391,1164,3.702000058809274,0.10850754338760799
250,wang_snr3,24.5063709469745,20.5389389107391,29.240177382128667,653,3.5277647944311106,0.13805210440119386
250,wang_snr3,34.888395968065744,29.240177382128667,41.62766037009365,250,2.294190350735672,0.1450973378861055
250,wang_snr3,49.66872393543112,41.62766037009365,59.26305046791458,77,1.2002816451703466,0.1367847881975353
250,wang_snr3,70.71067811865476,59.26305046791458,84.36960231581453,22,0.5825297637525665,0.12419576293051168
250,wang_snr3,100.66697116076413,84.36960231581453,120.11244339814311,2,0.08995564761295669,0.06360824843314915
250,wang_snr3,143.3141266963557,120.11244339814311,170.99759466766963,1,0.07640142139581647,0.07640142139581647
250,wang_snr3,204.02857733683695,170.99759466766963,243.4400346449093,0,,
250,wang_snr3,290.4644596431972,243.4400346449093,346.5724215775732,0,,
250,wang_snr3,413.5185542000137,346.5724215775732,493.39642747481366,0,,
250,wang_snr3,588.7040186524744,493.39642747481366,702.4218301525182,0,,
250,wang_snr3,838.10609719326,702.4218301525182,1000.0,0,,
350,fsps,5.9658317923524695,5.000000000000001,7.118229794928693,5979,3.8797433349546115,0.05017515456540491
350,fsps,8.493232323171238,7.118229794928693,10.133839082682117,4587,5.055989717060739,0.07465206266261402
350,fsps,12.091355875609787,10.133839082682117,14.426999059072134,3063,5.734920979942904,0.10362246992641018
350,fsps,17.21380993097034,14.426999059072134,20.5389389107391,1764,5.610247511803745,0.133577321709613
350,fsps,24.5063709469745,20.5389389107391,29.240177382128667,905,4.889168666095184,0.1625214656303515
350,fsps,34.888395968065744,29.240177382128667,41.62766037009365,426,3.909300357653586,0.18940622121415515
350,fsps,49.66872393543112,41.62766037009365,59.26305046791458,154,2.4005632903406933,0.1934429025952857
350,fsps,70.71067811865476,59.26305046791458,84.36960231581453,59,1.5622389118818827,0.20338618262976957
350,fsps,100.66697116076413,84.36960231581453,120.11244339814311,24,1.0794677713554803,0.2203454361333555
350,fsps,143.3141266963557,120.11244339814311,170.99759466766963,16,1.2224227423330636,0.3056056855832659
350,fsps,204.02857733683695,170.99759466766963,243.4400346449093,4,0.5191160173881385,0.2595580086940692
350,fsps,290.4644596431972,243.4400346449093,346.5724215775732,0,,
350,fsps,413.5185542000137,346.5724215775732,493.39642747481366,0,,
350,fsps,588.7040186524744,493.39642747481366,702.4218301525182,0,,
350,fsps,838.10609719326,702.4218301525182,1000.0,1,1.0804792632254527,1.0804792632254527
350,aless,5.9658317923524695,5.000000000000001,7.118229794928693,3441,2.2328477697907374,0.038064206311306394
350,aless,8.493232323171238,7.118229794928693,10.133839082682117,1991,2.1945662800671313,0.049182779863094564
350,aless,12.091355875609787,10.133839082682117,14.426999059072134,918,1.7187912045666296,0.056728562936385556
350,aless,17.21380993097034,14.426999059072134,20.5389389107391,409,1.3007886804578979,0.06431986067521994
350,aless,24.5063709469745,20.5389389107391,29.240177382128667,148,0.7995546547868367,0.06572298777112025
350,aless,34.888395968065744,29.240177382128667,41.62766037009365,68,0.6240197754001028,0.07567351313084804
350,aless,49.66872393543112,41.62766037009365,59.26305046791458,15,0.2338210997085091,0.0603723483441973
350,aless,70.71067811865476,59.26305046791458,84.36960231581453,14,0.37070075875163316,0.09907394516183951
350,aless,100.66697116076413,84.36960231581453,120.11244339814311,4,0.17991129522591337,0.0899556476129567
350,aless,143.3141266963557,120.11244339814311,170.99759466766963,1,0.07640142139581647,0.07640142139581647
350,aless,204.02857733683695,170.99759466766963,243.4400346449093,0,,
350,aless,290.4644596431972,243.4400346449093,346.5724215775732,0,,
350,aless,413.5185542000137,346.5724215775732,493.39642747481366,0,,
350,aless,588.7040186524744,493.39642747481366,702.4218301525182,0,,
350,aless,838.10609719326,702.4218301525182,1000.0,1,1.0804792632254527,1.0804792632254527
350,aless_bright,5.9658317923524695,5.000000000000001,7.118229794928693,3754,2.4359519115938473,0.039757729671342286
350,aless_bright,8.493232323171238,7.118229794928693,10.133839082682117,2188,2.411708197281207,0.051558598160312386
350,aless_bright,12.091355875609787,10.133839082682117,14.426999059072134,1052,1.9696822954292967,0.0607279067223148
350,aless_bright,17.21380993097034,14.426999059072134,20.5389389107391,464,1.475711363649058,0.06850818018113253
350,aless_bright,24.5063709469745,20.5389389107391,29.240177382128667,181,0.9778337332190368,0.07268180899047233
350,aless_bright,34.888395968065744,29.240177382128667,41.62766037009365,67,0.6148430139971601,0.07511502938638905
350,aless_bright,49.66872393543112,41.62766037009365,59.26305046791458,24,0.37411375953361453,0.07636565138430343
350,aless_bright,70.71067811865476,59.26305046791458,84.36960231581453,12,0.3177435075013999,0.09172464979459455
350,aless_bright,100.66697116076413,84.36960231581453,120.11244339814311,5,0.22488911903239175,0.10057347151129394
350,aless_bright,143.3141266963557,120.11244339814311,170.99759466766963,2,0.15280284279163295,0.10804792632254562
350,aless_bright,204.02857733683695,170.99759466766963,243.4400346449093,0,,
350,aless_bright,290.4644596431972,243.4400346449093,346.5724215775732,0,,
350,aless_bright,413.5185542000137,346.5724215775732,493.39642747481366,0,,
350,aless_bright,588.7040186524744,493.39642747481366,702.4218301525182,0,,
350,aless_bright,838.10609719326,702.4218301525182,1000.0,1,1.0804792632254527,1.0804792632254527
350,aless_faint,5.9658317923524695,5.000000000000001,7.118229794928693,1847,1.1985091051448684,0.027887391269761766
350,aless_faint,8.493232323171238,7.118229794928693,10.133839082682117,883,0.9732807761422787,0.03275350593232073
350,aless_faint,12.091355875609787,10.133839082682117,14.426999059072134,384,0.7189714842631654,0.03668985991783793
350,aless_faint,17.21380993097034,14.426999059072134,20.5389389107391,146,0.464340213561988,0.03842906950587824
350,aless_faint,24.5063709469745,20.5389389107391,29.240177382128667,68,0.3673629494966547,0.044549301285680985
350,aless_faint,34.888395968065744,29.240177382128667,41.62766037009365,19,0.1743584666559111,0.04000057558441172
350,aless_faint,49.66872393543112,41.62766037009365,59.26305046791458,9,0.14029265982510544,0.046764219941701816
350,aless_faint,70.71067811865476,59.26305046791458,84.36960231581453,5,0.1323931281255833,0.05920800684852871
350,aless_faint,100.66697116076413,84.36960231581453,120.11244339814311,1,0.04497782380647834,0.04497782380647835
350,aless_faint,143.3141266963557,120.11244339814311,170.99759466766963,0,,
350,aless_faint,204.02857733683695,170.99759466766963,243.4400346449093,0,,
350,aless_faint,290.4644596431972,243.4400346449093,346.5724215775732,0,,
350,aless_faint,413.5185542000137,346.5724215775732,493.39642747481366,0,,
350,aless_faint,588.7040186524744,493.39642747481366,702.4218301525182,1,0.636082484331491,0.636082484331491
350,aless_faint,838.10609719326,702.4218301525182,1000.0,0,,
350,hybrid25,5.9658317923524695,5.000000000000001,7.118229794928693,5730,3.718168474542553,0.0491192529778633
350,hybrid25,8.493232323171238,7.118229794928693,10.133839082682117,4105,4.524708477988736,0.07062102596501667
350,hybrid25,12.091355875609787,10.133839082682117,14.426999059072134,2564,4.8006325147155104,0.09480679207861133
350,hybrid25,17.21380993097034,14.426999059072134,20.5389389107391,1355,4.3094588313458475,0.11707201372588472
350,hybrid25,24.5063709469745,20.5389389107391,29.240177382128667,664,3.58719115390851,0.13921001499575988
350,hybrid25,34.888395968065744,29.240177382128667,41.62766037009365,261,2.395134726168042,0.14825511765179164
350,hybrid25,49.66872393543112,41.62766037009365,59.26305046791458,98,1.5276311847622592,0.15431405284249047
350,hybrid25,70.71067811865476,59.26305046791458,84.36960231581453,34,0.9002732712539663,0.15439559226167332
350,hybrid25,100.66697116076413,84.36960231581453,120.11244339814311,21,0.9445342999360453,0.20611428218757383
350,hybrid25,143.3141266963557,120.11244339814311,170.99759466766963,9,0.6876127925623483,0.22920426418744944
350,hybrid25,204.02857733683695,170.99759466766963,243.4400346449093,1,0.12977900434703463,0.1297790043470346
350,hybrid25,290.4644596431972,243.4400346449093,346.5724215775732,0,,
350,hybrid25,413.5185542000137,346.5724215775732,493.39642747481366,0,,
350,hybrid25,588.7040186524744,493.39642747481366,702.4218301525182,0,,
350,hybrid25,838.10609719326,702.4218301525182,1000.0,1,1.0804792632254527,1.0804792632254527
350,hybrid50,5.9658317923524695,5.000000000000001,7.118229794928693,5294,3.4352502450660167,0.047213523300404917
350,hybrid50,8.493232323171238,7.118229794928693,10.133839082682117,3562,3.9261904016067914,0.06578462440327684
350,hybrid50,12.091355875609787,10.133839082682117,14.426999059072134,1950,3.6510270685238866,0.08267948201459728
350,hybrid50,17.21380993097034,14.426999059072134,20.5389389107391,987,3.139067060175905,0.09991760540865254
350,hybrid50,24.5063709469745,20.5389389107391,29.240177382128667,427,2.3068232269863462,0.11163500035126919
350,hybrid50,34.888395968065744,29.240177382128667,41.62766037009365,141,1.293923357814919,0.10896800414966748
350,hybrid50,49.66872393543112,41.62766037009365,59.26305046791458,53,0.826167885636732,0.11348288668735754
350,hybrid50,70.71067811865476,59.26305046791458,84.36960231581453,27,0.7149228918781497,0.13758697469189182
350,hybrid50,100.66697116076413,84.36960231581453,120.11244339814311,13,0.5847117094842186,0.1621698499930426
350,hybrid50,143.3141266963557,120.11244339814311,170.99759466766963,5,0.3820071069790824,0.17083877181865254
350,hybrid50,204.02857733683695,170.99759466766963,243.4400346449093,0,,
350,hybrid50,290.4644596431972,243.4400346449093,346.5724215775732,0,,
350,hybrid50,413.5185542000137,346.5724215775732,493.39642747481366,0,,
350,hybrid50,588.7040186524744,493.39642747481366,702.4218301525182,0,,
350,hybrid50,838.10609719326,702.4218301525182,1000.0,1,1.0804792632254527,1.0804792632254527
350,hybrid75,5.9658317923524695,5.000000000000001,7.118229794928693,4571,2.9660991443514853,0.043871254469671155
350,hybrid75,8.493232323171238,7.118229794928693,10.133839082682117,2723,3.001408327786438,0.05751766705580414
350,hybrid75,12.091355875609787,10.133839082682117,14.426999059072134,1456,2.726100211164502,0.07144323786870418
350,hybrid75,17.21380993097034,14.426999059072134,20.5389389107391,607,1.9305103399460732,0.07835699755160762
350,hybrid75,24.5063709469745,20.5389389107391,29.240177382128667,237,1.2803679269221642,0.0831688341369038
350,hybrid75,34.888395968065744,29.240177382128667,41.62766037009365,83,0.7616711964442432,0.08360427523316441
350,hybrid75,49.66872393543112,41.62766037009365,59.26305046791458,35,0.5455825659865212,0.092220285389842
350,hybrid75,70.71067811865476,59.26305046791458,84.36960231581453,15,0.3971793843767499,0.10255127607653776
350,hybrid75,100.66697116076413,84.36960231581453,120.11244339814311,9,0.4048004142583051,0.13493347141943504
350,hybrid75,143.3141266963557,120.11244339814311,170.99759466766963,0,,
350,hybrid75,204.02857733683695,170.99759466766963,243.4400346449093,0,,
350,hybrid75,290.4644596431972,243.4400346449093,346.5724215775732,0,,
350,hybrid75,413.5185542000137,346.5724215775732,493.39642747481366,0,,
350,hybrid75,588.7040186524744,493.39642747481366,702.4218301525182,0,,
350,hybrid75,838.10609719326,702.4218301525182,1000.0,1,1.0804792632254527,1.0804792632254527
350,wang_snr3,5.9658317923524695,5.000000000000001,7.118229794928693,569,0.36922126736731464,0.015478560731327785
350,wang_snr3,8.493232323171238,7.118229794928693,10.133839082682117,1037,1.143026234269018,0.035494970540641595
350,wang_snr3,12.091355875609787,10.133839082682117,14.426999059072134,1041,1.949086758119675,0.06040957859519827
350,wang_snr3,17.21380993097034,14.426999059072134,20.5389389107391,736,2.340783542339885,0.08628242610444552
350,wang_snr3,24.5063709469745,20.5389389107391,29.240177382128667,392,2.1177393559218918,0.10696198995414294
350,wang_snr3,34.888395968065744,29.240177382128667,41.62766037009365,132,1.211332505188435,0.10543296154307297
350,wang_snr3,49.66872393543112,41.62766037009365,59.26305046791458,31,0.4832302727309188,0.08679071908231746
350,wang_snr3,70.71067811865476,59.26305046791458,84.36960231581453,5,0.1323931281255833,0.05920800684852871
350,wang_snr3,100.66697116076413,84.36960231581453,120.11244339814311,0,,
350,wang_snr3,143.3141266963557,120.11244339814311,170.99759466766963,0,,
350,wang_snr3,204.02857733683695,170.99759466766963,243.4400346449093,0,,
350,wang_snr3,290.4644596431972,243.4400346449093,346.5724215775732,0,,
350,wang_snr3,413.5185542000137,346.5724215775732,493.39642747481366,0,,
350,wang_snr3,588.7040186524744,493.39642747481366,702.4218301525182,0,,
350,wang_snr3,838.10609719326,702.4218301525182,1000.0,0,,
500,fsps,5.9658317923524695,5.000000000000001,7.118229794928693,5335,3.461854940957159,0.04739599600342226
500,fsps,8.493232323171238,7.118229794928693,10.133839082682117,3445,3.7972279431598523,0.06469519928511756
500,fsps,12.091355875609787,10.133839082682117,14.426999059072134,2006,3.7558770766455987,0.08385827137737065
500,fsps,17.21380993097034,14.426999059072134,20.5389389107391,973,3.0945412862727006,0.09920643903594932
500,fsps,24.5063709469745,20.5389389107391,29.240177382128667,360,1.944862673805819,0.1025032630911914
500,fsps,34.888395968065744,29.240177382128667,41.62766037009365,154,1.413221256053174,0.11388061413764397
500,fsps,49.66872393543112,41.62766037009365,59.26305046791458,64,0.9976366920896388,0.12470458651120485
500,fsps,70.71067811865476,59.26305046791458,84.36960231581453,18,0.4766152612520998,0.11233929441611924
500,fsps,100.66697116076413,84.36960231581453,120.11244339814311,13,0.5847117094842186,0.1621698499930426
500,fsps,143.3141266963557,120.11244339814311,170.99759466766963,4,0.3056056855832659,0.15280284279163295
500,fsps,204.02857733683695,170.99759466766963,243.4400346449093,0,,
500,fsps,290.4644596431972,243.4400346449093,346.5724215775732,0,,
500,fsps,413.5185542000137,346.5724215775732,493.39642747481366,0,,
500,fsps,588.7040186524744,493.39642747481366,702.4218301525182,0,,
500,fsps,838.10609719326,702.4218301525182,1000.0,1,1.0804792632254527,1.0804792632254527
500,aless,5.9658317923524695,5.000000000000001,7.118229794928693,1384,0.8980707100814823,0.024140290241379612
500,aless,8.493232323171238,7.118229794928693,10.133839082682117,659,0.726378291594294,0.028295680901195577
500,aless,12.091355875609787,10.133839082682117,14.426999059072134,272,0.5092714680197421,0.030879118452334754
500,aless,17.21380993097034,14.426999059072134,20.5389389107391,138,0.4388969141887284,0.03736138645330171
500,aless,24.5063709469745,20.5389389107391,29.240177382128667,40,0.216095852645091,0.034167754363730464
500,aless,34.888395968065744,29.240177382128667,41.62766037009365,12,0.11012113683531226,0.031789233997667574
500,aless,49.66872393543112,41.62766037009365,59.26305046791458,10,0.15588073313900605,0.04929381600561476
500,aless,70.71067811865476,59.26305046791458,84.36960231581453,3,0.07943587687534998,0.045862324897297274
500,aless,100.66697116076413,84.36960231581453,120.11244339814311,0,,
500,aless,143.3141266963557,120.11244339814311,170.99759466766963,0,,
500,aless,204.02857733683695,170.99759466766963,243.4400346449093,0,,
500,aless,290.4644596431972,243.4400346449093,346.5724215775732,0,,
500,aless,413.5185542000137,346.5724215775732,493.39642747481366,1,0.37446431472039854,0.37446431472039854
500,aless,588.7040186524744,493.39642747481366,702.4218301525182,0,,
500,aless,838.10609719326,702.4218301525182,1000.0,0,,
500,aless_bright,5.9658317923524695,5.000000000000001,7.118229794928693,1558,1.0109784438634029,0.02561286550358113
500,aless_bright,8.493232323171238,7.118229794928693,10.133839082682117,788,0.8685676688563031,0.030941442060443587
500,aless_bright,12.091355875609787,10.133839082682117,14.426999059072134,322,0.6028875466998418,0.03359760944088274
500,aless_bright,17.21380993097034,14.426999059072134,20.5389389107391,145,0.46115980114033056,0.03829723697495405
500,aless_bright,24.5063709469745,20.5389389107391,29.240177382128667,63,0.3403509679160183,0.04288019140885276
500,aless_bright,34.888395968065744,29.240177382128667,41.62766037009365,14,0.12847465964119764,0.03433629708998251
500,aless_bright,49.66872393543112,41.62766037009365,59.26305046791458,8,0.12470458651120485,0.04408972938356871
500,aless_bright,70.71067811865476,59.26305046791458,84.36960231581453,4,0.10591450250046663,0.05295725125023332
500,aless_bright,100.66697116076413,84.36960231581453,120.11244339814311,1,0.04497782380647834,0.04497782380647835
500,aless_bright,143.3141266963557,120.11244339814311,170.99759466766963,0,,
500,aless_bright,204.02857733683695,170.99759466766963,243.4400346449093,0,,
500,aless_bright,290.4644596431972,243.4400346449093,346.5724215775732,0,,
500,aless_bright,413.5185542000137,346.5724215775732,493.39642747481366,1,0.37446431472039854,0.37446431472039854
500,aless_bright,588.7040186524744,493.39642747481366,702.4218301525182,0,,
500,aless_bright,838.10609719326,702.4218301525182,1000.0,0,,
500,aless_faint,5.9658317923524695,5.000000000000001,7.118229794928693,515,0.33418093619361516,0.014725771485896317
500,aless_faint,8.493232323171238,7.118229794928693,10.133839082682117,197,0.21714191721407577,0.015470721030221794
500,aless_faint,12.091355875609787,10.133839082682117,14.426999059072134,90,0.16850894162417937,0.01776240205455867
500,aless_faint,17.21380993097034,14.426999059072134,20.5389389107391,31,0.09859278507138101,0.01770778694040629
500,aless_faint,24.5063709469745,20.5389389107391,29.240177382128667,12,0.0648287557935273,0.018714449804310748
500,aless_faint,34.888395968065744,29.240177382128667,41.62766037009365,6,0.05506056841765613,0.022478382928476683
500,aless_faint,49.66872393543112,41.62766037009365,59.26305046791458,3,0.046764219941701816,0.02699933497178441
500,aless_faint,70.71067811865476,59.26305046791458,84.36960231581453,0,,
500,aless_faint,100.66697116076413,84.36960231581453,120.11244339814311,0,,
500,aless_faint,143.3141266963557,120.11244339814311,170.99759466766963,0,,
500,aless_faint,204.02857733683695,170.99759466766963,243.4400346449093,0,,
500,aless_faint,290.4644596431972,243.4400346449093,346.5724215775732,1,0.2204486469178436,0.2204486469178436
500,aless_faint,413.5185542000137,346.5724215775732,493.39642747481366,0,,
500,aless_faint,588.7040186524744,493.39642747481366,702.4218301525182,0,,
500,aless_faint,838.10609719326,702.4218301525182,1000.0,0,,
500,hybrid25,5.9658317923524695,5.000000000000001,7.118229794928693,4532,2.9407922385038137,0.0436836976860083
500,hybrid25,8.493232323171238,7.118229794928693,10.133839082682117,2708,2.9848746792676,0.057359026502542494
500,hybrid25,12.091355875609787,10.133839082682117,14.426999059072134,1441,2.698015387560472,0.07107427393958812
500,hybrid25,17.21380993097034,14.426999059072134,20.5389389107391,617,1.962314464162648,0.07899980567710893
500,hybrid25,24.5063709469745,20.5389389107391,29.240177382128667,228,1.2317463600770187,0.08157439548095509
500,hybrid25,34.888395968065744,29.240177382128667,41.62766037009365,102,0.9360296631001542,0.09268074710719018
500,hybrid25,49.66872393543112,41.62766037009365,59.26305046791458,34,0.5299944926726206,0.0908933056266762
500,hybrid25,70.71067811865476,59.26305046791458,84.36960231581453,16,0.42365801000186654,0.10591450250046663
500,hybrid25,100.66697116076413,84.36960231581453,120.11244339814311,7,0.31484476664534844,0.11900013630482226
500,hybrid25,143.3141266963557,120.11244339814311,170.99759466766963,2,0.15280284279163295,0.10804792632254562
500,hybrid25,204.02857733683695,170.99759466766963,243.4400346449093,0,,
500,hybrid25,290.4644596431972,243.4400346449093,346.5724215775732,0,,
500,hybrid25,413.5185542000137,346.5724215775732,493.39642747481366,0,,
500,hybrid25,588.7040186524744,493.39642747481366,702.4218301525182,0,,
500,hybrid25,838.10609719326,702.4218301525182,1000.0,1,1.0804792632254527,1.0804792632254527
500,hybrid50,5.9658317923524695,5.000000000000001,7.118229794928693,3411,2.2133809191386824,0.037897913658046095
500,hybrid50,8.493232323171238,7.118229794928693,10.133839082682117,1961,2.1614989830294546,0.04881083517637954
500,hybrid50,12.091355875609787,10.133839082682117,14.426999059072134,944,1.7674715654802815,0.057526299574862445
500,hybrid50,17.21380993097034,14.426999059072134,20.5389389107391,339,1.0781598109418762,0.05855760288170437
500,hybrid50,24.5063709469745,20.5389389107391,29.240177382128667,161,0.8697858068964913,0.06854872456141976
500,hybrid50,34.888395968065744,29.240177382128667,41.62766037009365,51,0.4680148315500771,0.06553518476492969
500,hybrid50,49.66872393543112,41.62766037009365,59.26305046791458,19,0.2961733929641115,0.06794683629979592
500,hybrid50,70.71067811865476,59.26305046791458,84.36960231581453,11,0.29126488187628324,0.08781966616280165
500,hybrid50,100.66697116076413,84.36960231581453,120.11244339814311,4,0.17991129522591337,0.0899556476129567
500,hybrid50,143.3141266963557,120.11244339814311,170.99759466766963,0,,
500,hybrid50,204.02857733683695,170.99759466766963,243.4400346449093,0,,
500,hybrid50,290.4644596431972,243.4400346449093,346.5724215775732,0,,
500,hybrid50,413.5185542000137,346.5724215775732,493.39642747481366,0,,
500,hybrid50,588.7040186524744,493.39642747481366,702.4218301525182,1,0.636082484331491,0.636082484331491
500,hybrid50,838.10609719326,702.4218301525182,1000.0,0,,
500,hybrid75,5.9658317923524695,5.000000000000001,7.118229794928693,2397,1.5554013670992146,0.03176935951370072
500,hybrid75,8.493232323171238,7.118229794928693,10.133839082682117,1167,1.2863178547656164,0.03765415186864147
500,hybrid75,12.091355875609787,10.133839082682117,14.426999059072134,509,0.9530116809634145,0.0422415000936579
500,hybrid75,17.21380993097034,14.426999059072134,20.5389389107391,199,0.6329020719098329,0.044865238338771485
500,hybrid75,24.5063709469745,20.5389389107391,29.240177382128667,83,0.44839889423856377,0.049218172806291385
500,hybrid75,34.888395968065744,29.240177382128667,41.62766037009365,32,0.293656364894166,0.051911601738814005
500,hybrid75,49.66872393543112,41.62766037009365,59.26305046791458,7,0.10911651319730424,0.04124216540722349
500,hybrid75,70.71067811865476,59.26305046791458,84.36960231581453,8,0.21182900500093327,0.0748928629440795
500,hybrid75,100.66697116076413,84.36960231581453,120.11244339814311,2,0.08995564761295669,0.06360824843314915
500,hybrid75,143.3141266963557,120.11244339814311,170.99759466766963,0,,
500,hybrid75,204.02857733683695,170.99759466766963,243.4400346449093,0,,
500,hybrid75,290.4644596431972,243.4400346449093,346.5724215775732,0,,
500,hybrid75,413.5185542000137,346.5724215775732,493.39642747481366,0,,
500,hybrid75,588.7040186524744,493.39642747481366,702.4218301525182,1,0.636082484331491,0.636082484331491
500,hybrid75,838.10609719326,702.4218301525182,1000.0,0,,
500,wang_snr3,5.9658317923524695,5.000000000000001,7.118229794928693,308,0.19985966669443392,0.011388061413764397
500,wang_snr3,8.493232323171238,7.118229794928693,10.133839082682117,486,0.5356902120103595,0.024299401474605953
500,wang_snr3,12.091355875609787,10.133839082682117,14.426999059072134,479,0.8968420337553548,0.040977758453986206
500,wang_snr3,17.21380993097034,14.426999059072134,20.5389389107391,239,0.760118568776131,0.049167982855391694
500,wang_snr3,24.5063709469745,20.5389389107391,29.240177382128667,101,0.5456420279288547,0.05429341103308081
500,wang_snr3,34.888395968065744,29.240177382128667,41.62766037009365,29,0.26612608068533794,0.04941837255059722
500,wang_snr3,49.66872393543112,41.62766037009365,59.26305046791458,4,0.062352293255602424,0.031176146627801212
500,wang_snr3,70.71067811865476,59.26305046791458,84.36960231581453,0,,
500,wang_snr3,100.66697116076413,84.36960231581453,120.11244339814311,0,,
500,wang_snr3,143.3141266963557,120.11244339814311,170.99759466766963,0,,
500,wang_snr3,204.02857733683695,170.99759466766963,243.4400346449093,0,,
500,wang_snr3,290.4644596431972,243.4400346449093,346.5724215775732,0,,
500,wang_snr3,413.5185542000137,346.5724215775732,493.39642747481366,0,,
500,wang_snr3,588.7040186524744,493.39642747481366,702.4218301525182,0,,
500,wang_snr3,838.10609719326,702.4218301525182,1000.0,0,,
