band_um,model,model_label,N_points,chi2_log,reduced_chi2_log,median_log10_model_over_obs,rms_log10_model_over_obs,mean_abs_log10_model_over_obs,area_scenario,area_deg2,external_source
250,aless,ALESS,13,489.9255848247514,37.6865834480578,-0.6495002486564554,0.6566385809919012,0.6047592369324953,old_2deg2_counterfactual,2.0,Clements et al. / Table 1
250,fsps_lirnorm,FSPS,13,31.501977947093533,2.4232290728533488,0.10549804553060332,0.23823620791675662,0.17063985556149988,old_2deg2_counterfactual,2.0,Clements et al. / Table 1
250,resthybrid25,25% ALESS,13,50.02495381331337,3.848073370254874,-0.10288109638468929,0.19959791728816395,0.17358301692019826,old_2deg2_counterfactual,2.0,Clements et al. / Table 1
250,resthybrid50,50% ALESS,13,161.65905075377182,12.435311596443986,-0.3653791840372389,0.33553039326443773,0.3095183168284267,old_2deg2_counterfactual,2.0,Clements et al. / Table 1
250,resthybrid75,75% ALESS,13,351.3322053081972,27.02555425447671,-0.5914677872555459,0.5220093678663221,0.47639014032463395,old_2deg2_counterfactual,2.0,Clements et al. / Table 1
250,wang_raw,Wang raw,11,303.75884657150044,27.614440597409132,-0.5913702010354228,0.6957740280880923,0.6714958164480538,old_2deg2_counterfactual,2.0,Clements et al. / Table 1
350,aless,ALESS,12,310.4652850202148,25.872107085017902,-0.4936004849536225,0.6372739214845137,0.5356591833955207,old_2deg2_counterfactual,2.0,Clements et al. / Table 1
350,fsps_lirnorm,FSPS,12,67.3253866977398,5.610448891478317,0.21287351662402576,0.40093056623258266,0.30614174877044525,old_2deg2_counterfactual,2.0,Clements et al. / Table 1
350,resthybrid25,25% ALESS,12,47.73460873570513,3.9778840613087607,-0.03645842474793097,0.27267947931786163,0.2110749017557628,old_2deg2_counterfactual,2.0,Clements et al. / Table 1
350,resthybrid50,50% ALESS,12,124.55963826721862,10.379969855601551,-0.1520700070152628,0.3786206069570102,0.344366760526658,old_2deg2_counterfactual,2.0,Clements et al. / Table 1
350,resthybrid75,75% ALESS,12,222.91928212651356,18.57660684387613,-0.3910934776517418,0.5119508069336322,0.4767728147232146,old_2deg2_counterfactual,2.0,Clements et al. / Table 1
350,wang_raw,Wang raw,6,201.7124950139994,33.6187491689999,-0.6453013460111384,0.6612088991339105,0.6594782384636683,old_2deg2_counterfactual,2.0,Clements et al. / Table 1
500,aless,ALESS,10,30.893584540528977,3.0893584540528978,-0.28993507830739057,0.39848300057038677,0.37230714107142165,old_2deg2_counterfactual,2.0,Clements et al. / Table 1
500,fsps_lirnorm,FSPS,10,91.73576756761476,9.173576756761475,0.4993140685305584,0.6094199388242164,0.5656463394105771,old_2deg2_counterfactual,2.0,Clements et al. / Table 1
500,resthybrid25,25% ALESS,10,36.355653122710805,3.6355653122710807,0.397118985861203,0.4348189379988841,0.37633613403025495,old_2deg2_counterfactual,2.0,Clements et al. / Table 1
500,resthybrid50,50% ALESS,10,21.337413509731256,2.133741350973126,0.21839541941528995,0.3875420558850399,0.3194216403988964,old_2deg2_counterfactual,2.0,Clements et al. / Table 1
500,resthybrid75,75% ALESS,10,29.703408827763695,2.9703408827763695,0.027596634096656025,0.38407675127188035,0.3192821962877731,old_2deg2_counterfactual,2.0,Clements et al. / Table 1
all,aless,ALESS,35,831.2844543854952,23.750984411014148,-0.4936004849536225,,,old_2deg2_counterfactual,2.0,Clements et al. / Table 1
all,fsps_lirnorm,FSPS,35,190.5631322124481,5.44466092035566,0.21287351662402576,,,old_2deg2_counterfactual,2.0,Clements et al. / Table 1
all,resthybrid25,25% ALESS,35,134.1152156717293,3.831863304906551,-0.03645842474793097,,,old_2deg2_counterfactual,2.0,Clements et al. / Table 1
all,resthybrid50,50% ALESS,35,307.5561025307217,8.787317215163478,-0.1520700070152628,,,old_2deg2_counterfactual,2.0,Clements et al. / Table 1
all,resthybrid75,75% ALESS,35,603.9548962624744,17.25585417892784,-0.3910934776517418,,,old_2deg2_counterfactual,2.0,Clements et al. / Table 1
all,wang_raw,Wang raw,17,505.47134158549983,29.733608328558812,-0.5913702010354228,,,old_2deg2_counterfactual,2.0,Clements et al. / Table 1
250,aless,ALESS,4,107.82922521874532,26.95730630468633,-0.5850876493642627,0.824184803844902,0.7756830027905093,old_2deg2_counterfactual,2.0,Glenn et al. / Table 4 P(D) spline no FIRAS
250,fsps_lirnorm,FSPS,4,35.609065734069425,8.902266433517356,0.09283584262586053,0.9048038643272163,0.5455036025647158,old_2deg2_counterfactual,2.0,Glenn et al. / Table 4 P(D) spline no FIRAS
250,resthybrid25,25% ALESS,4,34.491450779082506,8.622862694770626,-0.0818418036812042,0.8451150584394944,0.5260109034385329,old_2deg2_counterfactual,2.0,Glenn et al. / Table 4 P(D) spline no FIRAS
250,resthybrid50,50% ALESS,4,39.839174400018784,9.959793600004696,-0.23896923983560447,0.7206695627263996,0.5493539895413846,old_2deg2_counterfactual,2.0,Glenn et al. / Table 4 P(D) spline no FIRAS
250,resthybrid75,75% ALESS,4,69.2557629045082,17.31394072612705,-0.3945020707685186,0.76069657270916,0.6523004061948023,old_2deg2_counterfactual,2.0,Glenn et al. / Table 4 P(D) spline no FIRAS
250,wang_raw,Wang raw,3,49.607985293297716,16.535995097765905,-0.3857204159578417,0.6292340599391711,0.5684561040581951,old_2deg2_counterfactual,2.0,Glenn et al. / Table 4 P(D) spline no FIRAS
350,aless,ALESS,4,77.72831170954461,19.432077927386153,-0.3850343137622287,0.5291773640079145,0.4218300404989065,old_2deg2_counterfactual,2.0,Glenn et al. / Table 4 P(D) spline no FIRAS
350,fsps_lirnorm,FSPS,4,18.07785736143952,4.51946434035988,0.3411626639218537,0.43484062855577915,0.3370738216349666,old_2deg2_counterfactual,2.0,Glenn et al. / Table 4 P(D) spline no FIRAS
350,resthybrid25,25% ALESS,4,9.334916524472872,2.333729131118218,0.004055115691664279,0.25486663312059993,0.19181507116460458,old_2deg2_counterfactual,2.0,Glenn et al. / Table 4 P(D) spline no FIRAS
350,resthybrid50,50% ALESS,4,21.93047194182239,5.482617985455597,0.037456888078604894,0.36932831034100955,0.3566519322103675,old_2deg2_counterfactual,2.0,Glenn et al. / Table 4 P(D) spline no FIRAS
350,resthybrid75,75% ALESS,4,48.04729265384014,12.011823163460035,-0.17203144832822728,0.4766440063089706,0.4366291173811837,old_2deg2_counterfactual,2.0,Glenn et al. / Table 4 P(D) spline no FIRAS
350,wang_raw,Wang raw,2,27.8899522793688,13.9449761396844,-0.41326563521562515,0.4271531732927325,0.41326563521562515,old_2deg2_counterfactual,2.0,Glenn et al. / Table 4 P(D) spline no FIRAS
500,aless,ALESS,3,58.95962858275378,19.653209527584593,-0.7308587345005024,0.616737006528943,0.527573931596362,old_2deg2_counterfactual,2.0,Glenn et al. / Table 4 P(D) spline no FIRAS
500,fsps_lirnorm,FSPS,3,18.984930095457432,6.328310031819144,0.3558402241580716,0.45617654972766586,0.37854315908109176,old_2deg2_counterfactual,2.0,Glenn et al. / Table 4 P(D) spline no FIRAS
500,resthybrid25,25% ALESS,3,11.802848070679358,3.934282690226453,0.17418863244536723,0.39160007272016034,0.3081913956231673,old_2deg2_counterfactual,2.0,Glenn et al. / Table 4 P(D) spline no FIRAS
500,resthybrid50,50% ALESS,3,13.523354500365276,4.507784833455092,-0.10578729284268279,0.3469191420874481,0.30997375463892185,old_2deg2_counterfactual,2.0,Glenn et al. / Table 4 P(D) spline no FIRAS
500,resthybrid75,75% ALESS,3,30.595148116799685,10.198382705599895,-0.3201904196443684,0.4320872499120075,0.41548169672880036,old_2deg2_counterfactual,2.0,Glenn et al. / Table 4 P(D) spline no FIRAS
500,wang_raw,Wang raw,2,20.664154006763507,10.332077003381753,-0.40382417423237593,0.4083520600990776,0.40382417423237593,old_2deg2_counterfactual,2.0,Glenn et al. / Table 4 P(D) spline no FIRAS
all,aless,ALESS,11,244.51716551104374,22.228833228276702,-0.5850876493642627,,,old_2deg2_counterfactual,2.0,Glenn et al. / Table 4 P(D) spline no FIRAS
all,fsps_lirnorm,FSPS,11,72.67185319096637,6.60653210826967,0.3411626639218537,,,old_2deg2_counterfactual,2.0,Glenn et al. / Table 4 P(D) spline no FIRAS
all,resthybrid25,25% ALESS,11,55.62921537423474,5.057201397657703,0.004055115691664279,,,old_2deg2_counterfactual,2.0,Glenn et al. / Table 4 P(D) spline no FIRAS
all,resthybrid50,50% ALESS,11,75.29300084220645,6.844818258382404,-0.10578729284268279,,,old_2deg2_counterfactual,2.0,Glenn et al. / Table 4 P(D) spline no FIRAS
all,resthybrid75,75% ALESS,11,147.89820367514804,13.445291243195276,-0.3201904196443684,,,old_2deg2_counterfactual,2.0,Glenn et al. / Table 4 P(D) spline no FIRAS
all,wang_raw,Wang raw,7,98.16209157943003,14.023155939918576,-0.40382417423237593,,,old_2deg2_counterfactual,2.0,Glenn et al. / Table 4 P(D) spline no FIRAS
250,aless,ALESS,5,44.92390324942601,8.984780649885202,-0.6594089011829545,0.5845864550680856,0.5553264095310905,old_2deg2_counterfactual,2.0,Oliver et al. / Table 2
250,fsps_lirnorm,FSPS,5,1.8793109642920032,0.3758621928584006,0.038331711220122244,0.13176384067434962,0.09320344283340318,old_2deg2_counterfactual,2.0,Oliver et al. / Table 2
250,resthybrid25,25% ALESS,5,3.1563126689785483,0.6312625337957096,-0.09701368624391843,0.15485169888918743,0.14406425467944178,old_2deg2_counterfactual,2.0,Oliver et al. / Table 2
250,resthybrid50,50% ALESS,5,11.106014265138569,2.2212028530277137,-0.33705455752534474,0.2795566972236365,0.24633278228403305,old_2deg2_counterfactual,2.0,Oliver et al. / Table 2
250,resthybrid75,75% ALESS,5,27.350244332867522,5.470048866573505,-0.45477139632987434,0.4443718424291305,0.41374611890115914,old_2deg2_counterfactual,2.0,Oliver et al. / Table 2
250,wang_raw,Wang raw,4,27.782648082106952,6.945662020526738,-0.48911052135051636,0.6128381065433627,0.5358881456134736,old_2deg2_counterfactual,2.0,Oliver et al. / Table 2
350,aless,ALESS,5,26.967709948997076,5.393541989799415,-0.5462406689476135,0.5745784583094006,0.5562185014904352,old_2deg2_counterfactual,2.0,Oliver et al. / Table 2
350,fsps_lirnorm,FSPS,5,9.910481211539548,1.9820962423079096,0.22759239892977834,0.31878613801482525,0.26382591135802647,old_2deg2_counterfactual,2.0,Oliver et al. / Table 2
350,resthybrid25,25% ALESS,5,1.2887930927676248,0.25775861855352494,0.09476142243554031,0.1276034058310573,0.11799852864660502,old_2deg2_counterfactual,2.0,Oliver et al. / Table 2
350,resthybrid50,50% ALESS,5,6.330274439957048,1.2660548879914095,-0.09249767924526403,0.24915519598628133,0.21521424017737506,old_2deg2_counterfactual,2.0,Oliver et al. / Table 2
350,resthybrid75,75% ALESS,5,17.36794290084574,3.473588580169148,-0.3444882752094919,0.42815550220999465,0.4110429191058957,old_2deg2_counterfactual,2.0,Oliver et al. / Table 2
350,wang_raw,Wang raw,3,11.933122585063707,3.977707528354569,-0.45859437222180494,0.49823329347082146,0.43419230230901734,old_2deg2_counterfactual,2.0,Oliver et al. / Table 2
500,aless,ALESS,5,15.861947849345443,3.1723895698690887,-0.5616650199649513,0.6106134023415027,0.5706785331714167,old_2deg2_counterfactual,2.0,Oliver et al. / Table 2
500,fsps_lirnorm,FSPS,5,10.30753504803112,2.061507009606224,0.3240911543833842,0.5020383543954806,0.42853145870882,old_2deg2_counterfactual,2.0,Oliver et al. / Table 2
500,resthybrid25,25% ALESS,5,3.5389062058487495,0.7077812411697499,0.12576821202480057,0.32554228221271075,0.24220091954043488,old_2deg2_counterfactual,2.0,Oliver et al. / Table 2
500,resthybrid50,50% ALESS,5,5.841504570930942,1.1683009141861884,-0.03436426874770164,0.38465266580414287,0.288020319117034,old_2deg2_counterfactual,2.0,Oliver et al. / Table 2
500,resthybrid75,75% ALESS,5,7.908769045466874,1.581753809093375,-0.31744190369238917,0.4311174406001816,0.3878462779890895,old_2deg2_counterfactual,2.0,Oliver et al. / Table 2
500,wang_raw,Wang raw,2,6.129489562984053,3.0647447814920263,-0.4399513789083527,0.49368701855448077,0.4399513789083527,old_2deg2_counterfactual,2.0,Oliver et al. / Table 2
all,aless,ALESS,15,87.75356104776853,5.850237403184568,-0.5616650199649513,,,old_2deg2_counterfactual,2.0,Oliver et al. / Table 2
all,fsps_lirnorm,FSPS,15,22.09732722386267,1.4731551482575114,0.22759239892977834,,,old_2deg2_counterfactual,2.0,Oliver et al. / Table 2
all,resthybrid25,25% ALESS,15,7.984011967594923,0.5322674645063282,0.09476142243554031,,,old_2deg2_counterfactual,2.0,Oliver et al. / Table 2
all,resthybrid50,50% ALESS,15,23.277793276026557,1.5518528850684372,-0.09249767924526403,,,old_2deg2_counterfactual,2.0,Oliver et al. / Table 2
all,resthybrid75,75% ALESS,15,52.62695627918014,3.5084637519453428,-0.3444882752094919,,,old_2deg2_counterfactual,2.0,Oliver et al. / Table 2
all,wang_raw,Wang raw,9,45.845260230154715,5.093917803350524,-0.45859437222180494,,,old_2deg2_counterfactual,2.0,Oliver et al. / Table 2
250,aless,ALESS,17,519.2678792286304,30.54516936639002,-0.6310208624083828,0.6303252784770245,0.5706232012583624,old_2deg2_counterfactual,2.0,Pearson et al. / Table 3 SUSSEXtractor
250,fsps_lirnorm,FSPS,17,31.6592377067736,1.862308100398447,-0.018239892071010178,0.13115369710376373,0.10918804280858774,old_2deg2_counterfactual,2.0,Pearson et al. / Table 3 SUSSEXtractor
250,resthybrid25,25% ALESS,17,72.96856870697036,4.292268747468845,-0.1395500158136616,0.2071977462834445,0.19308904711392105,old_2deg2_counterfactual,2.0,Pearson et al. / Table 3 SUSSEXtractor
250,resthybrid50,50% ALESS,17,176.27346426150746,10.369027309500439,-0.34870115822992326,0.3468517909062585,0.3204971757624866,old_2deg2_counterfactual,2.0,Pearson et al. / Table 3 SUSSEXtractor
250,resthybrid75,75% ALESS,17,342.87901552715454,20.169353854538503,-0.5596655501882436,0.5025924072339327,0.4512442841820868,old_2deg2_counterfactual,2.0,Pearson et al. / Table 3 SUSSEXtractor
250,wang_raw,Wang raw,17,255.93241501801515,15.054847942236185,-0.4362253414120265,0.5370107611937455,0.4483748878198917,old_2deg2_counterfactual,2.0,Pearson et al. / Table 3 SUSSEXtractor
350,aless,ALESS,15,580.3474077111283,38.68982718074189,-0.7171980197793778,0.7531299922619011,0.689520723254735,old_2deg2_counterfactual,2.0,Pearson et al. / Table 3 SUSSEXtractor
350,fsps_lirnorm,FSPS,15,72.264127206556,4.817608480437067,-0.012918227955963812,0.2484667359591026,0.16534990941202637,old_2deg2_counterfactual,2.0,Pearson et al. / Table 3 SUSSEXtractor
350,resthybrid25,25% ALESS,15,107.8405686343447,7.189371242289647,-0.1453857883292436,0.2957989939770698,0.2479469846247583,old_2deg2_counterfactual,2.0,Pearson et al. / Table 3 SUSSEXtractor
350,resthybrid50,50% ALESS,15,220.06588378442623,14.67105891896175,-0.3016576134530119,0.4221735420552058,0.37957920688640917,old_2deg2_counterfactual,2.0,Pearson et al. / Table 3 SUSSEXtractor
350,resthybrid75,75% ALESS,15,403.0414208251895,26.869428055012634,-0.5317078319987061,0.5926582334234484,0.5503280061961557,old_2deg2_counterfactual,2.0,Pearson et al. / Table 3 SUSSEXtractor
350,wang_raw,Wang raw,13,283.00342806976715,21.769494466905165,-0.5345517808497695,0.5989185027235452,0.526223287952982,old_2deg2_counterfactual,2.0,Pearson et al. / Table 3 SUSSEXtractor
500,aless,ALESS,12,300.87691955767383,25.073076629806152,-0.7198818229659831,0.7793687537069758,0.7032732534139782,old_2deg2_counterfactual,2.0,Pearson et al. / Table 3 SUSSEXtractor
500,fsps_lirnorm,FSPS,12,72.51145636540588,6.042621363783823,0.14336080497269632,0.33740998122436633,0.2569794477862262,old_2deg2_counterfactual,2.0,Pearson et al. / Table 3 SUSSEXtractor
500,resthybrid25,25% ALESS,12,59.03238738953632,4.9193656157946934,-0.06664409924715212,0.30553360334170415,0.2571381562337671,old_2deg2_counterfactual,2.0,Pearson et al. / Table 3 SUSSEXtractor
500,resthybrid50,50% ALESS,12,94.13825026635446,7.844854188862872,-0.2867810555598761,0.38868544458090853,0.34380109597010294,old_2deg2_counterfactual,2.0,Pearson et al. / Table 3 SUSSEXtractor
500,resthybrid75,75% ALESS,12,185.69428005004846,15.474523337504039,-0.5328641402198536,0.5903001644890036,0.5001207609708712,old_2deg2_counterfactual,2.0,Pearson et al. / Table 3 SUSSEXtractor
500,wang_raw,Wang raw,9,155.4776482442191,17.275294249357678,-0.3748920426769356,0.6338935679653102,0.5072398252057568,old_2deg2_counterfactual,2.0,Pearson et al. / Table 3 SUSSEXtractor
all,aless,ALESS,44,1400.4922064974326,31.829368329487103,-0.7171980197793778,,,old_2deg2_counterfactual,2.0,Pearson et al. / Table 3 SUSSEXtractor
all,fsps_lirnorm,FSPS,44,176.43482127873546,4.0098823017894425,-0.012918227955963812,,,old_2deg2_counterfactual,2.0,Pearson et al. / Table 3 SUSSEXtractor
all,resthybrid25,25% ALESS,44,239.8415247308514,5.450943743882987,-0.1395500158136616,,,old_2deg2_counterfactual,2.0,Pearson et al. / Table 3 SUSSEXtractor
all,resthybrid50,50% ALESS,44,490.47759831228814,11.147218143461094,-0.3016576134530119,,,old_2deg2_counterfactual,2.0,Pearson et al. / Table 3 SUSSEXtractor
all,resthybrid75,75% ALESS,44,931.6147164023926,21.173061736418013,-0.5328641402198536,,,old_2deg2_counterfactual,2.0,Pearson et al. / Table 3 SUSSEXtractor
all,wang_raw,Wang raw,39,694.4134913320015,17.805474136717987,-0.4362253414120265,,,old_2deg2_counterfactual,2.0,Pearson et al. / Table 3 SUSSEXtractor
250,aless,ALESS,12,228.88846087057064,19.074038405880888,-0.6728418637764306,0.68985931101014,0.6553025714716645,old_2deg2_counterfactual,2.0,Pearson et al. / Table 4 XID
250,fsps_lirnorm,FSPS,12,18.064123134133308,1.5053435945111089,-0.1282408604775535,0.1571485742826995,0.13949620394656775,old_2deg2_counterfactual,2.0,Pearson et al. / Table 4 XID
250,resthybrid25,25% ALESS,12,38.22356538220704,3.18529711518392,-0.231616243185166,0.2559960292584042,0.23058346629254792,old_2deg2_counterfactual,2.0,Pearson et al. / Table 4 XID
250,resthybrid50,50% ALESS,12,78.91425968667644,6.576188307223037,-0.3548803281879268,0.38792680942985885,0.36616402443905,old_2deg2_counterfactual,2.0,Pearson et al. / Table 4 XID
250,resthybrid75,75% ALESS,12,146.69538496999286,12.224615414166072,-0.524485869993383,0.5402587795276679,0.5115305285311195,old_2deg2_counterfactual,2.0,Pearson et al. / Table 4 XID
250,wang_raw,Wang raw,12,126.60260680461779,10.550217233718149,-0.5097683563558001,0.6635796035678756,0.579672675813863,old_2deg2_counterfactual,2.0,Pearson et al. / Table 4 XID
350,aless,ALESS,10,276.59604511930587,27.65960451193059,-0.8360484178979977,0.805021686381678,0.7694392574566681,old_2deg2_counterfactual,2.0,Pearson et al. / Table 4 XID
350,fsps_lirnorm,FSPS,10,7.592114604883593,0.7592114604883593,-0.06868945069913102,0.1121869246981595,0.10132586582055425,old_2deg2_counterfactual,2.0,Pearson et al. / Table 4 XID
350,resthybrid25,25% ALESS,10,23.266029876260927,2.3266029876260927,-0.20959433038589403,0.2321378727547256,0.20647464246154118,old_2deg2_counterfactual,2.0,Pearson et al. / Table 4 XID
350,resthybrid50,50% ALESS,10,72.22559716167653,7.222559716167654,-0.4036421425571808,0.4210833449250185,0.37142120970082587,old_2deg2_counterfactual,2.0,Pearson et al. / Table 4 XID
350,resthybrid75,75% ALESS,10,165.15521447598837,16.515521447598836,-0.6299368831070578,0.6174965595036689,0.5734101864040436,old_2deg2_counterfactual,2.0,Pearson et al. / Table 4 XID
350,wang_raw,Wang raw,10,111.78244610670511,11.178244610670511,-0.46126557847924843,0.5375549941557521,0.5053765334743917,old_2deg2_counterfactual,2.0,Pearson et al. / Table 4 XID
500,aless,ALESS,7,209.47743403111315,29.92534771873045,-0.8552321672507401,0.9470713401657559,0.9211364236141149,old_2deg2_counterfactual,2.0,Pearson et al. / Table 4 XID
500,fsps_lirnorm,FSPS,7,6.223564240636275,0.8890806058051821,0.04014124078720638,0.14971504770693383,0.12506679852181218,old_2deg2_counterfactual,2.0,Pearson et al. / Table 4 XID
500,resthybrid25,25% ALESS,7,11.289261558814951,1.6127516512592788,-0.1553942335454663,0.24036230905155445,0.19616729117136114,old_2deg2_counterfactual,2.0,Pearson et al. / Table 4 XID
500,resthybrid50,50% ALESS,7,44.74106806176259,6.39158115168037,-0.3283369555844263,0.44667156417783704,0.3986564231984268,old_2deg2_counterfactual,2.0,Pearson et al. / Table 4 XID
500,resthybrid75,75% ALESS,7,113.12567085206143,16.160810121723063,-0.6036580547689976,0.6836616424398426,0.6539741167500503,old_2deg2_counterfactual,2.0,Pearson et al. / Table 4 XID
500,wang_raw,Wang raw,7,92.45314208797636,13.207591726853765,-0.526194707377152,0.6585826861174348,0.6067340998315086,old_2deg2_counterfactual,2.0,Pearson et al. / Table 4 XID
all,aless,ALESS,29,714.9619400209897,24.653860000723782,-0.8360484178979977,,,old_2deg2_counterfactual,2.0,Pearson et al. / Table 4 XID
all,fsps_lirnorm,FSPS,29,31.879801979653177,1.0993035165397647,-0.06868945069913102,,,old_2deg2_counterfactual,2.0,Pearson et al. / Table 4 XID
all,resthybrid25,25% ALESS,29,72.77885681728293,2.509615752320101,-0.20959433038589403,,,old_2deg2_counterfactual,2.0,Pearson et al. / Table 4 XID
all,resthybrid50,50% ALESS,29,195.88092491011554,6.75451465207295,-0.3548803281879268,,,old_2deg2_counterfactual,2.0,Pearson et al. / Table 4 XID
all,resthybrid75,75% ALESS,29,424.97627029804266,14.654354148208368,-0.6036580547689976,,,old_2deg2_counterfactual,2.0,Pearson et al. / Table 4 XID
all,wang_raw,Wang raw,29,330.8381949992993,11.408213620665492,-0.5097683563558001,,,old_2deg2_counterfactual,2.0,Pearson et al. / Table 4 XID
250,aless,ALESS,13,380.0821843489242,29.2370911037634,-0.549435052995735,0.5732313262178271,0.5223062377420615,old_2deg2_counterfactual,2.0,Valiante et al. / Table 5 area-weighted GAMA9/12/15
250,fsps_lirnorm,FSPS,13,33.393843997101875,2.5687572305462982,0.07242504517785153,0.2024398875889571,0.17153355304872464,old_2deg2_counterfactual,2.0,Valiante et al. / Table 5 area-weighted GAMA9/12/15
250,resthybrid25,25% ALESS,13,48.79308628199765,3.753314329384435,-0.10679199040458229,0.30299732642630833,0.2209331862131516,old_2deg2_counterfactual,2.0,Valiante et al. / Table 5 area-weighted GAMA9/12/15
250,resthybrid50,50% ALESS,13,125.61245211932481,9.66249631687114,-0.3035099090184391,0.30449029081632206,0.25318662663038816,old_2deg2_counterfactual,2.0,Valiante et al. / Table 5 area-weighted GAMA9/12/15
250,resthybrid75,75% ALESS,13,256.2599014753016,19.712300113484737,-0.42755089944821156,0.4432788468945862,0.3886609597797906,old_2deg2_counterfactual,2.0,Valiante et al. / Table 5 area-weighted GAMA9/12/15
250,wang_raw,Wang raw,9,209.8239014645279,23.313766829391987,-0.5987852124868605,0.7304384060373559,0.6822470085746517,old_2deg2_counterfactual,2.0,Valiante et al. / Table 5 area-weighted GAMA9/12/15
all,aless,ALESS,13,380.0821843489242,29.2370911037634,-0.549435052995735,,,old_2deg2_counterfactual,2.0,Valiante et al. / Table 5 area-weighted GAMA9/12/15
all,fsps_lirnorm,FSPS,13,33.393843997101875,2.5687572305462982,0.07242504517785153,,,old_2deg2_counterfactual,2.0,Valiante et al. / Table 5 area-weighted GAMA9/12/15
all,resthybrid25,25% ALESS,13,48.79308628199765,3.753314329384435,-0.10679199040458229,,,old_2deg2_counterfactual,2.0,Valiante et al. / Table 5 area-weighted GAMA9/12/15
all,resthybrid50,50% ALESS,13,125.61245211932481,9.66249631687114,-0.3035099090184391,,,old_2deg2_counterfactual,2.0,Valiante et al. / Table 5 area-weighted GAMA9/12/15
all,resthybrid75,75% ALESS,13,256.2599014753016,19.712300113484737,-0.42755089944821156,,,old_2deg2_counterfactual,2.0,Valiante et al. / Table 5 area-weighted GAMA9/12/15
all,wang_raw,Wang raw,9,209.8239014645279,23.313766829391987,-0.5987852124868605,,,old_2deg2_counterfactual,2.0,Valiante et al. / Table 5 area-weighted GAMA9/12/15
350,aless,ALESS,13,328.08271781697135,25.237132139767027,-0.33024164833951747,0.5674927701984701,0.48059858756752366,old_2deg2_counterfactual,2.0,Valiante et al. / Table 8 area-weighted GAMA9/12/15
350,fsps_lirnorm,FSPS,13,102.31875064249174,7.870673126345518,0.28665258472873495,0.41037688549752044,0.32370739007020227,old_2deg2_counterfactual,2.0,Valiante et al. / Table 8 area-weighted GAMA9/12/15
350,resthybrid25,25% ALESS,13,57.217754941376825,4.4013657647212945,-0.021493162042272113,0.27596540208708165,0.22118109721714652,old_2deg2_counterfactual,2.0,Valiante et al. / Table 8 area-weighted GAMA9/12/15
350,resthybrid50,50% ALESS,13,124.31398827620298,9.562614482784845,0.08441627485297082,0.35294129299834986,0.3123922992140518,old_2deg2_counterfactual,2.0,Valiante et al. / Table 8 area-weighted GAMA9/12/15
350,resthybrid75,75% ALESS,13,245.45341427325587,18.88103186717353,-0.10275035956700085,0.48545304129014805,0.43407628440420076,old_2deg2_counterfactual,2.0,Valiante et al. / Table 8 area-weighted GAMA9/12/15
350,wang_raw,Wang raw,5,160.04674982759676,32.00934996551935,-0.6516748875226953,0.5786827998681786,0.5606588454184877,old_2deg2_counterfactual,2.0,Valiante et al. / Table 8 area-weighted GAMA9/12/15
all,aless,ALESS,13,328.08271781697135,25.237132139767027,-0.33024164833951747,,,old_2deg2_counterfactual,2.0,Valiante et al. / Table 8 area-weighted GAMA9/12/15
all,fsps_lirnorm,FSPS,13,102.31875064249174,7.870673126345518,0.28665258472873495,,,old_2deg2_counterfactual,2.0,Valiante et al. / Table 8 area-weighted GAMA9/12/15
all,resthybrid25,25% ALESS,13,57.217754941376825,4.4013657647212945,-0.021493162042272113,,,old_2deg2_counterfactual,2.0,Valiante et al. / Table 8 area-weighted GAMA9/12/15
all,resthybrid50,50% ALESS,13,124.31398827620298,9.562614482784845,0.08441627485297082,,,old_2deg2_counterfactual,2.0,Valiante et al. / Table 8 area-weighted GAMA9/12/15
all,resthybrid75,75% ALESS,13,245.45341427325587,18.88103186717353,-0.10275035956700085,,,old_2deg2_counterfactual,2.0,Valiante et al. / Table 8 area-weighted GAMA9/12/15
all,wang_raw,Wang raw,5,160.04674982759676,32.00934996551935,-0.6516748875226953,,,old_2deg2_counterfactual,2.0,Valiante et al. / Table 8 area-weighted GAMA9/12/15
500,aless,ALESS,13,211.91124750614657,16.300865192780506,-0.02052549465848763,0.6494501720554889,0.5661319831179121,old_2deg2_counterfactual,2.0,Valiante et al. / Table 9 area-weighted GAMA9/12/15
500,fsps_lirnorm,FSPS,13,163.3423812167531,12.564798555134853,0.6985161630057668,0.7202465624505507,0.606867733797822,old_2deg2_counterfactual,2.0,Valiante et al. / Table 9 area-weighted GAMA9/12/15
500,resthybrid25,25% ALESS,13,79.83442191783456,6.141109378294966,0.5293150408639327,0.544788873462786,0.481316308949859,old_2deg2_counterfactual,2.0,Valiante et al. / Table 9 area-weighted GAMA9/12/15
500,resthybrid50,50% ALESS,13,108.32045788347601,8.33234291411354,0.3807811022302162,0.5809398519685582,0.5368009533143963,old_2deg2_counterfactual,2.0,Valiante et al. / Table 9 area-weighted GAMA9/12/15
500,resthybrid75,75% ALESS,13,147.2947710588305,11.330367004525423,0.22547549456679306,0.5402696875325123,0.48092131706352487,old_2deg2_counterfactual,2.0,Valiante et al. / Table 9 area-weighted GAMA9/12/15
500,wang_raw,Wang raw,4,130.22473430762938,32.556183576907344,-0.7569858424992284,0.7458754360242165,0.728085540801187,old_2deg2_counterfactual,2.0,Valiante et al. / Table 9 area-weighted GAMA9/12/15
all,aless,ALESS,13,211.91124750614657,16.300865192780506,-0.02052549465848763,,,old_2deg2_counterfactual,2.0,Valiante et al. / Table 9 area-weighted GAMA9/12/15
all,fsps_lirnorm,FSPS,13,163.3423812167531,12.564798555134853,0.6985161630057668,,,old_2deg2_counterfactual,2.0,Valiante et al. / Table 9 area-weighted GAMA9/12/15
all,resthybrid25,25% ALESS,13,79.83442191783456,6.141109378294966,0.5293150408639327,,,old_2deg2_counterfactual,2.0,Valiante et al. / Table 9 area-weighted GAMA9/12/15
all,resthybrid50,50% ALESS,13,108.32045788347601,8.33234291411354,0.3807811022302162,,,old_2deg2_counterfactual,2.0,Valiante et al. / Table 9 area-weighted GAMA9/12/15
all,resthybrid75,75% ALESS,13,147.2947710588305,11.330367004525423,0.22547549456679306,,,old_2deg2_counterfactual,2.0,Valiante et al. / Table 9 area-weighted GAMA9/12/15
all,wang_raw,Wang raw,4,130.22473430762938,32.556183576907344,-0.7569858424992284,,,old_2deg2_counterfactual,2.0,Valiante et al. / Table 9 area-weighted GAMA9/12/15
250,aless,ALESS,5,75.21421596909411,15.042843193818822,-0.5223184191760815,0.5059339154522601,0.4486084952361956,old_2deg2_counterfactual,2.0,Varnish et al. / Table 4 P(D) best-fit spline
250,fsps_lirnorm,FSPS,5,20.98258132748926,4.196516265497852,0.05983126282739304,0.3048588047648658,0.24168352257995424,old_2deg2_counterfactual,2.0,Varnish et al. / Table 4 P(D) best-fit spline
250,resthybrid25,25% ALESS,5,16.224318989321247,3.2448637978642494,-0.0940240081499899,0.2585019856035382,0.21728457221703074,old_2deg2_counterfactual,2.0,Varnish et al. / Table 4 P(D) best-fit spline
250,resthybrid50,50% ALESS,5,20.470290581805333,4.094058116361067,-0.2773417463428277,0.2398124771511517,0.21798360464552208,old_2deg2_counterfactual,2.0,Varnish et al. / Table 4 P(D) best-fit spline
250,resthybrid75,75% ALESS,5,42.7995194891678,8.55990389783356,-0.3198023007695424,0.3521552774770242,0.3102394776259077,old_2deg2_counterfactual,2.0,Varnish et al. / Table 4 P(D) best-fit spline
250,wang_raw,Wang raw,4,53.76591036521277,13.441477591303192,-0.4808041282554205,0.6538960031614564,0.5924210381797234,old_2deg2_counterfactual,2.0,Varnish et al. / Table 4 P(D) best-fit spline
350,aless,ALESS,5,57.122094011838,11.424418802367601,-0.5177195342687695,0.5568844008822965,0.4445501127012358,old_2deg2_counterfactual,2.0,Varnish et al. / Table 4 P(D) best-fit spline
350,fsps_lirnorm,FSPS,5,32.30358886252832,6.460717772505665,0.13282402616872158,0.4215238321721952,0.32076912218866493,old_2deg2_counterfactual,2.0,Varnish et al. / Table 4 P(D) best-fit spline
350,resthybrid25,25% ALESS,5,21.211304128968546,4.242260825793709,-0.06841965484162241,0.31037169038607776,0.216256810938372,old_2deg2_counterfactual,2.0,Varnish et al. / Table 4 P(D) best-fit spline
350,resthybrid50,50% ALESS,5,24.05998420696693,4.811996841393386,-0.23061900605615115,0.3933380921343482,0.38031380251847385,old_2deg2_counterfactual,2.0,Varnish et al. / Table 4 P(D) best-fit spline
350,resthybrid75,75% ALESS,5,38.891693150693385,7.778338630138677,-0.3519938214377995,0.4918288074668047,0.47290508685530364,old_2deg2_counterfactual,2.0,Varnish et al. / Table 4 P(D) best-fit spline
350,wang_raw,Wang raw,3,31.39540423076552,10.465134743588507,-0.5060771427869284,0.49134329456617604,0.48968997763378413,old_2deg2_counterfactual,2.0,Varnish et al. / Table 4 P(D) best-fit spline
500,aless,ALESS,5,57.064308865094375,11.412861773018875,-0.499439106181654,0.6297924444184585,0.6126502715327432,old_2deg2_counterfactual,2.0,Varnish et al. / Table 4 P(D) best-fit spline
500,fsps_lirnorm,FSPS,5,74.8639553341443,14.972791066828858,0.397511637910643,0.7292713121233196,0.5831126639108875,old_2deg2_counterfactual,2.0,Varnish et al. / Table 4 P(D) best-fit spline
500,resthybrid25,25% ALESS,5,26.136610793001207,5.227322158600241,0.15158369727781162,0.5433317493031019,0.3744770390304587,old_2deg2_counterfactual,2.0,Varnish et al. / Table 4 P(D) best-fit spline
500,resthybrid50,50% ALESS,5,20.46592503548031,4.0931850070960625,-0.11565267324856471,0.531180038612383,0.41874398611228203,old_2deg2_counterfactual,2.0,Varnish et al. / Table 4 P(D) best-fit spline
500,resthybrid75,75% ALESS,5,30.718928291960143,6.143785658392028,-0.4208741333505641,0.518849708463003,0.4951822684646615,old_2deg2_counterfactual,2.0,Varnish et al. / Table 4 P(D) best-fit spline
500,wang_raw,Wang raw,3,28.92038211946771,9.640127373155904,-0.4701082661759729,0.5102500949970651,0.49349705163673896,old_2deg2_counterfactual,2.0,Varnish et al. / Table 4 P(D) best-fit spline
all,aless,ALESS,15,189.4006188460265,12.626707923068434,-0.5177195342687695,,,old_2deg2_counterfactual,2.0,Varnish et al. / Table 4 P(D) best-fit spline
all,fsps_lirnorm,FSPS,15,128.15012552416187,8.54334170161079,0.13282402616872158,,,old_2deg2_counterfactual,2.0,Varnish et al. / Table 4 P(D) best-fit spline
all,resthybrid25,25% ALESS,15,63.57223391129101,4.238148927419401,-0.06841965484162241,,,old_2deg2_counterfactual,2.0,Varnish et al. / Table 4 P(D) best-fit spline
all,resthybrid50,50% ALESS,15,64.99619982425257,4.3330799882835045,-0.23061900605615115,,,old_2deg2_counterfactual,2.0,Varnish et al. / Table 4 P(D) best-fit spline
all,resthybrid75,75% ALESS,15,112.41014093182133,7.494009395454755,-0.3519938214377995,,,old_2deg2_counterfactual,2.0,Varnish et al. / Table 4 P(D) best-fit spline
all,wang_raw,Wang raw,10,114.08169671544601,11.408169671544602,-0.4808041282554205,,,old_2deg2_counterfactual,2.0,Varnish et al. / Table 4 P(D) best-fit spline
250,aless,ALESS,13,276.6760575677848,21.28277365906037,-0.45500110681485556,0.49565542061809387,0.465997571746395,wang_farmer_1p278deg2,1.278,Clements et al. / Table 1
250,fsps_lirnorm,FSPS,13,96.69391820704195,7.4379937082339955,0.2999971873722032,0.3684376824017009,0.3003091687757608,wang_farmer_1p278deg2,1.278,Clements et al. / Table 1
250,resthybrid25,25% ALESS,13,23.453126655544796,1.804086665811138,0.0916180454569106,0.21602703943849427,0.1476440497016039,wang_farmer_1p278deg2,1.278,Clements et al. / Table 1
250,resthybrid50,50% ALESS,13,49.40184206624599,3.8001416974035376,-0.17088004219563907,0.22996392881304065,0.20768570992851768,wang_farmer_1p278deg2,1.278,Clements et al. / Table 1
250,resthybrid75,75% ALESS,13,170.27964918390344,13.098434552607957,-0.39696864541394616,0.3778617409548168,0.34173688828044946,wang_farmer_1p278deg2,1.278,Clements et al. / Table 1
250,wang_raw,Wang raw,11,137.77388955204498,12.524899050185907,-0.39687105919382293,0.5106081611571698,0.47699667460645395,wang_farmer_1p278deg2,1.278,Clements et al. / Table 1
350,aless,ALESS,12,185.58485621000614,15.465404684167178,-0.2991013431120226,0.4853632291401637,0.3919048490244775,wang_farmer_1p278deg2,1.278,Clements et al. / Table 1
350,fsps_lirnorm,FSPS,12,159.39710171521702,13.283091809601418,0.40737265846562554,0.5568342754726974,0.48110496994160884,wang_farmer_1p278deg2,1.278,Clements et al. / Table 1
350,resthybrid25,25% ALESS,12,55.491946982143695,4.6243289151786415,0.15804071709366888,0.36046748144053464,0.26473910899093384,wang_farmer_1p278deg2,1.278,Clements et al. / Table 1
350,resthybrid50,50% ALESS,12,67.16828518985143,5.597357099154286,0.04242913482633705,0.3905624789725583,0.33142293328576233,wang_farmer_1p278deg2,1.278,Clements et al. / Table 1
350,resthybrid75,75% ALESS,12,125.96647419145388,10.497206182621158,-0.19659433581014196,0.46383313910395024,0.41396685311897646,wang_farmer_1p278deg2,1.278,Clements et al. / Table 1
350,wang_raw,Wang raw,6,99.08696915891092,16.514494859818488,-0.45080220416953853,0.4674304457159478,0.4649790966220684,wang_farmer_1p278deg2,1.278,Clements et al. / Table 1
500,aless,ALESS,10,17.121852191655304,1.7121852191655305,-0.09543593646579063,0.3860489635382557,0.3143148174202389,wang_farmer_1p278deg2,1.278,Clements et al. / Table 1
500,fsps_lirnorm,FSPS,10,176.12433540746687,17.612433540746686,0.6938132103721582,0.7932578604817159,0.7601454812521768,wang_farmer_1p278deg2,1.278,Clements et al. / Table 1
500,resthybrid25,25% ALESS,10,83.60367221544246,8.360367221544246,0.5916181277028028,0.6100623426050156,0.5679677223956421,wang_farmer_1p278deg2,1.278,Clements et al. / Table 1
500,resthybrid50,50% ALESS,10,39.54691934847944,3.9546919348479443,0.41289456125688984,0.5261961051982796,0.43838872064605694,wang_farmer_1p278deg2,1.278,Clements et al. / Table 1
500,resthybrid75,75% ALESS,10,22.502890500042586,2.2502890500042585,0.2220957759382559,0.41333836705687865,0.3594976498153291,wang_farmer_1p278deg2,1.278,Clements et al. / Table 1
all,aless,ALESS,35,479.38276596944627,13.696650456269893,-0.2991013431120226,,,wang_farmer_1p278deg2,1.278,Clements et al. / Table 1
all,fsps_lirnorm,FSPS,35,432.21535532972587,12.349010152277883,0.40737265846562554,,,wang_farmer_1p278deg2,1.278,Clements et al. / Table 1
all,resthybrid25,25% ALESS,35,162.54874585313095,4.644249881518027,0.15804071709366888,,,wang_farmer_1p278deg2,1.278,Clements et al. / Table 1
all,resthybrid50,50% ALESS,35,156.11704660457687,4.460487045845054,0.04242913482633705,,,wang_farmer_1p278deg2,1.278,Clements et al. / Table 1
all,resthybrid75,75% ALESS,35,318.74901387539995,9.107114682154284,-0.19659433581014196,,,wang_farmer_1p278deg2,1.278,Clements et al. / Table 1
all,wang_raw,Wang raw,17,236.86085871095588,13.932991688879758,-0.39687105919382293,,,wang_farmer_1p278deg2,1.278,Clements et al. / Table 1
250,aless,ALESS,4,60.70011173053238,15.175027932633094,-0.39058850752266294,0.811827685104484,0.6784334318697094,wang_farmer_1p278deg2,1.278,Glenn et al. / Table 4 P(D) spline no FIRAS
250,fsps_lirnorm,FSPS,4,50.41264006110139,12.603160015275348,0.2873349844674603,1.0144882936228101,0.6427531734855156,wang_farmer_1p278deg2,1.278,Glenn et al. / Table 4 P(D) spline no FIRAS
250,resthybrid25,25% ALESS,4,32.872162202226384,8.218040550556596,0.11265733816039564,0.9332452238460751,0.5414186706781285,wang_farmer_1p278deg2,1.278,Glenn et al. / Table 4 P(D) spline no FIRAS
250,resthybrid50,50% ALESS,4,21.76043892140882,5.440109730352205,-0.04447009799400457,0.7787262028640181,0.4521044186205846,wang_farmer_1p278deg2,1.278,Glenn et al. / Table 4 P(D) spline no FIRAS
250,resthybrid75,75% ALESS,4,35.809440969849774,8.952360242462444,-0.2000029289269188,0.7869780514919946,0.5550508352740025,wang_farmer_1p278deg2,1.278,Glenn et al. / Table 4 P(D) spline no FIRAS
250,wang_raw,Wang raw,3,18.598648391740323,6.199549463913441,-0.1912212741162419,0.4611257632542071,0.3739569622165954,wang_farmer_1p278deg2,1.278,Glenn et al. / Table 4 P(D) spline no FIRAS
350,aless,ALESS,4,41.66943514023244,10.41735878505811,-0.19053517192062885,0.3921319127479863,0.312862309624922,wang_farmer_1p278deg2,1.278,Glenn et al. / Table 4 P(D) spline no FIRAS
350,fsps_lirnorm,FSPS,4,42.0555720081032,10.5138930020258,0.5356618057634535,0.598362287005492,0.5315729634765664,wang_farmer_1p278deg2,1.278,Glenn et al. / Table 4 P(D) spline no FIRAS
350,resthybrid25,25% ALESS,4,16.989771483764212,4.247442870941053,0.1985542575332641,0.37207052798946033,0.28614366172343964,wang_farmer_1p278deg2,1.278,Glenn et al. / Table 4 P(D) spline no FIRAS
350,resthybrid50,50% ALESS,4,15.494849976166957,3.8737124940417393,0.23195602992020475,0.4376691672669995,0.3566519322103675,wang_farmer_1p278deg2,1.278,Glenn et al. / Table 4 P(D) spline no FIRAS
350,resthybrid75,75% ALESS,4,26.918446543197497,6.729611635799374,0.022467693513372494,0.4790983867184037,0.4366291173811837,wang_farmer_1p278deg2,1.278,Glenn et al. / Table 4 P(D) spline no FIRAS
350,wang_raw,Wang raw,2,8.658144663389281,4.329072331694641,-0.2187664933740253,0.24398796451268748,0.2187664933740253,wang_farmer_1p278deg2,1.278,Glenn et al. / Table 4 P(D) spline no FIRAS
500,aless,ALESS,3,32.792391034356285,10.930797011452094,-0.5363595926589024,0.46148575004263953,0.4116927013732605,wang_farmer_1p278deg2,1.278,Glenn et al. / Table 4 P(D) spline no FIRAS
500,fsps_lirnorm,FSPS,3,41.16243968384583,13.72081322794861,0.5503393659996714,0.6270403494840802,0.5730423009226916,wang_farmer_1p278deg2,1.278,Glenn et al. / Table 4 P(D) spline no FIRAS
500,resthybrid25,25% ALESS,3,23.931909473430665,7.977303157810222,0.36868777428696703,0.5332481614398399,0.43401965505624435,wang_farmer_1p278deg2,1.278,Glenn et al. / Table 4 P(D) spline no FIRAS
500,resthybrid50,50% ALESS,3,11.084565404496917,3.6948551348323058,0.08871184899891703,0.4037928069803224,0.3042819400243333,wang_farmer_1p278deg2,1.278,Glenn et al. / Table 4 P(D) spline no FIRAS
500,resthybrid75,75% ALESS,3,16.379403202208707,5.4598010674029025,-0.1256912778027685,0.3898699003767162,0.35064864944826707,wang_farmer_1p278deg2,1.278,Glenn et al. / Table 4 P(D) spline no FIRAS
500,wang_raw,Wang raw,2,6.1746200375623035,3.0873100187811517,-0.20932503239077613,0.21793212355708325,0.20932503239077613,wang_farmer_1p278deg2,1.278,Glenn et al. / Table 4 P(D) spline no FIRAS
all,aless,ALESS,11,135.1619379051211,12.287448900465556,-0.39058850752266294,,,wang_farmer_1p278deg2,1.278,Glenn et al. / Table 4 P(D) spline no FIRAS
all,fsps_lirnorm,FSPS,11,133.63065175305042,12.148241068459129,0.5356618057634535,,,wang_farmer_1p278deg2,1.278,Glenn et al. / Table 4 P(D) spline no FIRAS
all,resthybrid25,25% ALESS,11,73.79384315942126,6.708531196311023,0.1985542575332641,,,wang_farmer_1p278deg2,1.278,Glenn et al. / Table 4 P(D) spline no FIRAS
all,resthybrid50,50% ALESS,11,48.339854302072695,4.394532209279336,0.08871184899891703,,,wang_farmer_1p278deg2,1.278,Glenn et al. / Table 4 P(D) spline no FIRAS
all,resthybrid75,75% ALESS,11,79.10729071525597,7.191571883205088,-0.1256912778027685,,,wang_farmer_1p278deg2,1.278,Glenn et al. / Table 4 P(D) spline no FIRAS
all,wang_raw,Wang raw,7,33.43141309269191,4.775916156098845,-0.20932503239077613,,,wang_farmer_1p278deg2,1.278,Glenn et al. / Table 4 P(D) spline no FIRAS
250,aless,ALESS,5,22.126875929208083,4.425375185841617,-0.4649097593413546,0.40441342637781175,0.3608272676894907,wang_farmer_1p278deg2,1.278,Oliver et al. / Table 2
250,fsps_lirnorm,FSPS,5,10.090590512138727,2.0181181024277453,0.23283085306172202,0.29318427129437535,0.27358789965497643,wang_farmer_1p278deg2,1.278,Oliver et al. / Table 2
250,resthybrid25,25% ALESS,5,3.91723010628795,0.78344602125759,0.09748545559768146,0.19411887887166637,0.13247618003531442,wang_farmer_1p278deg2,1.278,Oliver et al. / Table 2
250,resthybrid50,50% ALESS,5,2.5700165315814107,0.5140033063162821,-0.1425554156837449,0.14198180734273874,0.13104281265096301,wang_farmer_1p278deg2,1.278,Oliver et al. / Table 2
250,resthybrid75,75% ALESS,5,10.691550339176983,2.1383100678353966,-0.26027225448827457,0.2726714513619694,0.23102163986121488,wang_farmer_1p278deg2,1.278,Oliver et al. / Table 2
250,wang_raw,Wang raw,4,13.297975781198131,3.324493945299533,-0.2946113795089165,0.4527039784660157,0.35183051369835605,wang_farmer_1p278deg2,1.278,Oliver et al. / Table 2
350,aless,ALESS,5,13.334098482427526,2.666819696485505,-0.3517415271060137,0.3893613726317826,0.3617193596488354,wang_farmer_1p278deg2,1.278,Oliver et al. / Table 2
350,fsps_lirnorm,FSPS,5,22.732936746837243,4.5465873493674485,0.4220915407713782,0.49201864261118633,0.45832505319962635,wang_farmer_1p278deg2,1.278,Oliver et al. / Table 2
350,resthybrid25,25% ALESS,5,4.83630526055353,0.967261052110706,0.2892605642771401,0.26728942732777305,0.23905227570200277,wang_farmer_1p278deg2,1.278,Oliver et al. / Table 2
350,resthybrid50,50% ALESS,5,4.921447513891236,0.9842895027782472,0.1020014625963358,0.24831521089415837,0.19552550895726634,wang_farmer_1p278deg2,1.278,Oliver et al. / Table 2
350,resthybrid75,75% ALESS,5,11.260663596710074,2.252132719342015,-0.1499891333678921,0.34704437991083,0.29434343400093577,wang_farmer_1p278deg2,1.278,Oliver et al. / Table 2
350,wang_raw,Wang raw,3,5.180421180421658,1.7268070601405527,-0.2640952303802052,0.342295589386185,0.2870555759196716,wang_farmer_1p278deg2,1.278,Oliver et al. / Table 2
500,aless,ALESS,5,10.956758440298527,2.1913516880597053,-0.3671658781233516,0.5276383966774797,0.4539790480664568,wang_farmer_1p278deg2,1.278,Oliver et al. / Table 2
500,fsps_lirnorm,FSPS,5,19.109418588379125,3.821883717675825,0.5185902962249841,0.675699953680056,0.6230306005504198,wang_farmer_1p278deg2,1.278,Oliver et al. / Table 2
500,resthybrid25,25% ALESS,5,8.11192751629833,1.622385503259666,0.3202673538664004,0.4815495579088685,0.4209327451028984,wang_farmer_1p278deg2,1.278,Oliver et al. / Table 2
500,resthybrid50,50% ALESS,5,7.713256590001261,1.5426513180002521,0.16013487309389818,0.46739915256878584,0.3329262536920676,wang_farmer_1p278deg2,1.278,Oliver et al. / Table 2
500,resthybrid75,75% ALESS,5,5.427573750802502,1.0855147501605003,-0.12294276185078931,0.3971950501044706,0.3251909549755624,wang_farmer_1p278deg2,1.278,Oliver et al. / Table 2
500,wang_raw,Wang raw,2,2.9200583174601586,1.4600291587300793,-0.2454522370667529,0.33228971871986174,0.2454522370667529,wang_farmer_1p278deg2,1.278,Oliver et al. / Table 2
all,aless,ALESS,15,46.41773285193414,3.094515523462276,-0.3671658781233516,,,wang_farmer_1p278deg2,1.278,Oliver et al. / Table 2
all,fsps_lirnorm,FSPS,15,51.9329458473551,3.4621963898236734,0.4220915407713782,,,wang_farmer_1p278deg2,1.278,Oliver et al. / Table 2
all,resthybrid25,25% ALESS,15,16.86546288313981,1.1243641922093206,0.2892605642771401,,,wang_farmer_1p278deg2,1.278,Oliver et al. / Table 2
all,resthybrid50,50% ALESS,15,15.204720635473908,1.0136480423649272,0.1020014625963358,,,wang_farmer_1p278deg2,1.278,Oliver et al. / Table 2
all,resthybrid75,75% ALESS,15,27.37978768668956,1.8253191791126373,-0.1499891333678921,,,wang_farmer_1p278deg2,1.278,Oliver et al. / Table 2
all,wang_raw,Wang raw,9,21.398455279079947,2.377606142119994,-0.2640952303802052,,,wang_farmer_1p278deg2,1.278,Oliver et al. / Table 2
250,aless,ALESS,17,289.8621937332877,17.05071727842869,-0.43652172056678307,0.4697027648134428,0.4331271413051967,wang_farmer_1p278deg2,1.278,Pearson et al. / Table 3 SUSSEXtractor
250,fsps_lirnorm,FSPS,17,76.9664812420054,4.527440073059141,0.1762592497705896,0.22845086743589896,0.1904089315561478,wang_farmer_1p278deg2,1.278,Pearson et al. / Table 3 SUSSEXtractor
250,resthybrid25,25% ALESS,17,55.07888411679132,3.2399343598112544,0.05494912602793817,0.17435989156759824,0.12551785525919784,wang_farmer_1p278deg2,1.278,Pearson et al. / Table 3 SUSSEXtractor
250,resthybrid50,50% ALESS,17,84.79083470716971,4.987696159245277,-0.15420201638832345,0.23016358566513373,0.19752795089955946,wang_farmer_1p278deg2,1.278,Pearson et al. / Table 3 SUSSEXtractor
250,resthybrid75,75% ALESS,17,175.21108246266508,10.306534262509711,-0.3651664083466438,0.3560283528157565,0.32226236335383734,wang_farmer_1p278deg2,1.278,Pearson et al. / Table 3 SUSSEXtractor
250,wang_raw,Wang raw,17,112.25952386516818,6.603501403833422,-0.24172619957042674,0.38960674019634156,0.31446409252595,wang_farmer_1p278deg2,1.278,Pearson et al. / Table 3 SUSSEXtractor
350,aless,ALESS,15,355.4864605895457,23.69909737263638,-0.522698877937778,0.5890711163755604,0.5468880192375619,wang_farmer_1p278deg2,1.278,Pearson et al. / Table 3 SUSSEXtractor
350,fsps_lirnorm,FSPS,15,139.21919436811288,9.28127962454086,0.18158091388563602,0.35403276860223376,0.26274908587647267,wang_farmer_1p278deg2,1.278,Pearson et al. / Table 3 SUSSEXtractor
350,resthybrid25,25% ALESS,15,104.82164108644234,6.988109405762823,0.04911335351235621,0.3021915188117309,0.21043363745353802,wang_farmer_1p278deg2,1.278,Pearson et al. / Table 3 SUSSEXtractor
350,resthybrid50,50% ALESS,15,135.93218979130515,9.06214598608701,-0.10715847161141212,0.3341201663009964,0.27451393817753894,wang_farmer_1p278deg2,1.278,Pearson et al. / Table 3 SUSSEXtractor
350,resthybrid75,75% ALESS,15,237.4556472347374,15.830376482315826,-0.33720869015710636,0.45246819282681633,0.4076953021789826,wang_farmer_1p278deg2,1.278,Pearson et al. / Table 3 SUSSEXtractor
350,wang_raw,Wang raw,13,154.7218150883275,11.901678083717501,-0.34005263900816973,0.4629732734508223,0.3915700359087975,wang_farmer_1p278deg2,1.278,Pearson et al. / Table 3 SUSSEXtractor
500,aless,ALESS,12,182.30991724207723,15.192493103506436,-0.5253826811243832,0.6096502947539235,0.5240284302604511,wang_farmer_1p278deg2,1.278,Pearson et al. / Table 3 SUSSEXtractor
500,fsps_lirnorm,FSPS,12,144.77934972275406,12.064945810229505,0.3378599468142961,0.4735028792641028,0.3809512885649966,wang_farmer_1p278deg2,1.278,Pearson et al. / Table 3 SUSSEXtractor
500,resthybrid25,25% ALESS,12,81.76496156189395,6.813746796824496,0.1278550425944477,0.3669028431628127,0.27228227744296163,wang_farmer_1p278deg2,1.278,Pearson et al. / Table 3 SUSSEXtractor
500,resthybrid50,50% ALESS,12,63.467178564749126,5.288931547062427,-0.0922819137182763,0.32734868206548345,0.27896804868956965,wang_farmer_1p278deg2,1.278,Pearson et al. / Table 3 SUSSEXtractor
500,resthybrid75,75% ALESS,12,103.16624098233763,8.597186748528136,-0.3383649983782538,0.4497668091493336,0.3932395747545117,wang_farmer_1p278deg2,1.278,Pearson et al. / Table 3 SUSSEXtractor
500,wang_raw,Wang raw,9,93.30552195416091,10.36728021712899,-0.18039290083533574,0.5098123015830646,0.4158913113224405,wang_farmer_1p278deg2,1.278,Pearson et al. / Table 3 SUSSEXtractor
all,aless,ALESS,44,827.6585715649107,18.8104220810207,-0.522698877937778,,,wang_farmer_1p278deg2,1.278,Pearson et al. / Table 3 SUSSEXtractor
all,fsps_lirnorm,FSPS,44,360.9650253328723,8.203750575747097,0.18158091388563602,,,wang_farmer_1p278deg2,1.278,Pearson et al. / Table 3 SUSSEXtractor
all,resthybrid25,25% ALESS,44,241.6654867651276,5.492397426480173,0.05494912602793817,,,wang_farmer_1p278deg2,1.278,Pearson et al. / Table 3 SUSSEXtractor
all,resthybrid50,50% ALESS,44,284.190203063224,6.4588682514369085,-0.10715847161141212,,,wang_farmer_1p278deg2,1.278,Pearson et al. / Table 3 SUSSEXtractor
all,resthybrid75,75% ALESS,44,515.8329706797401,11.72347660635773,-0.3383649983782538,,,wang_farmer_1p278deg2,1.278,Pearson et al. / Table 3 SUSSEXtractor
all,wang_raw,Wang raw,39,360.28686090765655,9.23812463865786,-0.24172619957042674,,,wang_farmer_1p278deg2,1.278,Pearson et al. / Table 3 SUSSEXtractor
250,aless,ALESS,12,114.60060591694837,9.55005049307903,-0.47834272193483074,0.508747687531687,0.4608034296300647,wang_farmer_1p278deg2,1.278,Pearson et al. / Table 4 XID
250,fsps_lirnorm,FSPS,12,7.66988354067476,0.6391569617228966,0.06625828136404632,0.14580448250944741,0.10951283017698445,wang_farmer_1p278deg2,1.278,Pearson et al. / Table 4 XID
250,resthybrid25,25% ALESS,12,7.122929265722364,0.593577438810197,-0.03711710134356616,0.11690727325391023,0.10276516543456975,wang_farmer_1p278deg2,1.278,Pearson et al. / Table 4 XID
250,resthybrid50,50% ALESS,12,22.279708056508266,1.8566423380423556,-0.160381186346327,0.21419605178019782,0.18553416765254283,wang_farmer_1p278deg2,1.278,Pearson et al. / Table 4 XID
250,resthybrid75,75% ALESS,12,60.32623156449572,5.027185963707977,-0.3299867281517831,0.3615590786907149,0.3219616709582203,wang_farmer_1p278deg2,1.278,Pearson et al. / Table 4 XID
250,wang_raw,Wang raw,12,46.103158476642776,3.8419298730535645,-0.3152692145142003,0.5026690068611523,0.38517353397226306,wang_farmer_1p278deg2,1.278,Pearson et al. / Table 4 XID
350,aless,ALESS,10,154.50778557177273,15.450778557177273,-0.6415492760563979,0.6217550009230324,0.5749401156150682,wang_farmer_1p278deg2,1.278,Pearson et al. / Table 4 XID
350,fsps_lirnorm,FSPS,10,27.014056009283113,2.7014056009283114,0.12580969114246887,0.19269258670337755,0.16034631948434175,wang_farmer_1p278deg2,1.278,Pearson et al. / Table 4 XID
350,resthybrid25,25% ALESS,10,15.231695399222515,1.5231695399222516,-0.015095188544294202,0.1460437799850186,0.11606240444021534,wang_farmer_1p278deg2,1.278,Pearson et al. / Table 4 XID
350,resthybrid50,50% ALESS,10,28.285210903891503,2.8285210903891502,-0.2091430007155809,0.2658173930599761,0.23491036259398687,wang_farmer_1p278deg2,1.278,Pearson et al. / Table 4 XID
350,resthybrid75,75% ALESS,10,80.10190623640759,8.010190623640758,-0.43543774126545787,0.44280507993738083,0.39130261641126335,wang_farmer_1p278deg2,1.278,Pearson et al. / Table 4 XID
350,wang_raw,Wang raw,10,41.01850462671185,4.101850462671186,-0.26676643663764865,0.3608388612436389,0.31087739163279193,wang_farmer_1p278deg2,1.278,Pearson et al. / Table 4 XID
500,aless,ALESS,7,126.33436305930314,18.04776615132902,-0.6607330254091404,0.7592453830722372,0.726637281772515,wang_farmer_1p278deg2,1.278,Pearson et al. / Table 4 XID
500,fsps_lirnorm,FSPS,7,25.12611031466577,3.5894443306665385,0.2346403826288062,0.2517625320734596,0.2112482467022356,wang_farmer_1p278deg2,1.278,Pearson et al. / Table 4 XID
500,resthybrid25,25% ALESS,7,8.674119993099573,1.2391599990142248,0.039104908296133556,0.16562964369907468,0.13823430856108632,wang_farmer_1p278deg2,1.278,Pearson et al. / Table 4 XID
500,resthybrid50,50% ALESS,7,16.05721789116392,2.293888270166274,-0.1338378137428265,0.2868252743722614,0.2308611085517825,wang_farmer_1p278deg2,1.278,Pearson et al. / Table 4 XID
500,resthybrid75,75% ALESS,7,55.30724886047267,7.901035551496095,-0.4091589129273978,0.5008276635047787,0.45947497490845063,wang_farmer_1p278deg2,1.278,Pearson et al. / Table 4 XID
500,wang_raw,Wang raw,7,42.55340560022521,6.079057942889316,-0.3316955655355522,0.48532725777999164,0.4122349579899088,wang_farmer_1p278deg2,1.278,Pearson et al. / Table 4 XID
all,aless,ALESS,29,395.44275454802425,13.635957053380146,-0.6415492760563979,,,wang_farmer_1p278deg2,1.278,Pearson et al. / Table 4 XID
all,fsps_lirnorm,FSPS,29,59.810049864623636,2.062415512573229,0.12580969114246887,,,wang_farmer_1p278deg2,1.278,Pearson et al. / Table 4 XID
all,resthybrid25,25% ALESS,29,31.028744658044452,1.0699567123463605,-0.015095188544294202,,,wang_farmer_1p278deg2,1.278,Pearson et al. / Table 4 XID
all,resthybrid50,50% ALESS,29,66.62213685156368,2.2973150638470234,-0.160381186346327,,,wang_farmer_1p278deg2,1.278,Pearson et al. / Table 4 XID
all,resthybrid75,75% ALESS,29,195.73538666137597,6.749496091771585,-0.4091589129273978,,,wang_farmer_1p278deg2,1.278,Pearson et al. / Table 4 XID
all,wang_raw,Wang raw,29,129.67506870357983,4.4715540932268905,-0.3152692145142003,,,wang_farmer_1p278deg2,1.278,Pearson et al. / Table 4 XID
250,aless,ALESS,13,202.04363994318396,15.541818457167997,-0.3549359111541352,0.40403940339511013,0.3520172852357283,wang_farmer_1p278deg2,1.278,Valiante et al. / Table 5 area-weighted GAMA9/12/15
250,fsps_lirnorm,FSPS,13,91.89584835091298,7.068911411608691,0.2669241870194513,0.3267405850879772,0.2716515346347912,wang_farmer_1p278deg2,1.278,Valiante et al. / Table 5 area-weighted GAMA9/12/15
250,resthybrid25,25% ALESS,13,31.061261294093676,2.3893277918533595,0.0877071514370175,0.2796181101541153,0.20235188977244437,wang_farmer_1p278deg2,1.278,Valiante et al. / Table 5 area-weighted GAMA9/12/15
250,resthybrid50,50% ALESS,13,36.16956665269347,2.7822743578994977,-0.10901076717683925,0.18042041360067312,0.17080832410441044,wang_farmer_1p278deg2,1.278,Valiante et al. / Table 5 area-weighted GAMA9/12/15
250,resthybrid75,75% ALESS,13,112.17845641196492,8.629112031689608,-0.23305175760661165,0.2883359256012145,0.2431670796478042,wang_farmer_1p278deg2,1.278,Valiante et al. / Table 5 area-weighted GAMA9/12/15
250,wang_raw,Wang raw,9,89.44314054927628,9.938126727697364,-0.4042860706452607,0.5531521181447064,0.48774786673305187,wang_farmer_1p278deg2,1.278,Valiante et al. / Table 5 area-weighted GAMA9/12/15
all,aless,ALESS,13,202.04363994318396,15.541818457167997,-0.3549359111541352,,,wang_farmer_1p278deg2,1.278,Valiante et al. / Table 5 area-weighted GAMA9/12/15
all,fsps_lirnorm,FSPS,13,91.89584835091298,7.068911411608691,0.2669241870194513,,,wang_farmer_1p278deg2,1.278,Valiante et al. / Table 5 area-weighted GAMA9/12/15
all,resthybrid25,25% ALESS,13,31.061261294093676,2.3893277918533595,0.0877071514370175,,,wang_farmer_1p278deg2,1.278,Valiante et al. / Table 5 area-weighted GAMA9/12/15
all,resthybrid50,50% ALESS,13,36.16956665269347,2.7822743578994977,-0.10901076717683925,,,wang_farmer_1p278deg2,1.278,Valiante et al. / Table 5 area-weighted GAMA9/12/15
all,resthybrid75,75% ALESS,13,112.17845641196492,8.629112031689608,-0.23305175760661165,,,wang_farmer_1p278deg2,1.278,Valiante et al. / Table 5 area-weighted GAMA9/12/15
all,wang_raw,Wang raw,9,89.44314054927628,9.938126727697364,-0.4042860706452607,,,wang_farmer_1p278deg2,1.278,Valiante et al. / Table 5 area-weighted GAMA9/12/15
350,aless,ALESS,13,189.74351445019715,14.595654957707474,-0.13574250649791758,0.41584364213044755,0.3243803632129788,wang_farmer_1p278deg2,1.278,Valiante et al. / Table 8 area-weighted GAMA9/12/15
350,fsps_lirnorm,FSPS,13,215.8140141733738,16.601078013336448,0.4811517265703348,0.5687069193189227,0.49575614134264206,wang_farmer_1p278deg2,1.278,Valiante et al. / Table 8 area-weighted GAMA9/12/15
350,resthybrid25,25% ALESS,13,75.99043328563415,5.845417945048781,0.17300597979932775,0.3544363128938015,0.26832615973485274,wang_farmer_1p278deg2,1.278,Valiante et al. / Table 8 area-weighted GAMA9/12/15
350,resthybrid50,50% ALESS,13,77.14579930021885,5.9342922538629885,0.27891541669457065,0.3995299869229122,0.34927837407922213,wang_farmer_1p278deg2,1.278,Valiante et al. / Table 8 area-weighted GAMA9/12/15
350,resthybrid75,75% ALESS,13,152.44086752956602,11.726220579197387,0.09174878227459896,0.4799423475984687,0.4332300092278621,wang_farmer_1p278deg2,1.278,Valiante et al. / Table 8 area-weighted GAMA9/12/15
350,wang_raw,Wang raw,5,70.74302581951733,14.148605163903465,-0.4571757456810955,0.39320270909646243,0.3661597035768879,wang_farmer_1p278deg2,1.278,Valiante et al. / Table 8 area-weighted GAMA9/12/15
all,aless,ALESS,13,189.74351445019715,14.595654957707474,-0.13574250649791758,,,wang_farmer_1p278deg2,1.278,Valiante et al. / Table 8 area-weighted GAMA9/12/15
all,fsps_lirnorm,FSPS,13,215.8140141733738,16.601078013336448,0.4811517265703348,,,wang_farmer_1p278deg2,1.278,Valiante et al. / Table 8 area-weighted GAMA9/12/15
all,resthybrid25,25% ALESS,13,75.99043328563415,5.845417945048781,0.17300597979932775,,,wang_farmer_1p278deg2,1.278,Valiante et al. / Table 8 area-weighted GAMA9/12/15
all,resthybrid50,50% ALESS,13,77.14579930021885,5.9342922538629885,0.27891541669457065,,,wang_farmer_1p278deg2,1.278,Valiante et al. / Table 8 area-weighted GAMA9/12/15
all,resthybrid75,75% ALESS,13,152.44086752956602,11.726220579197387,0.09174878227459896,,,wang_farmer_1p278deg2,1.278,Valiante et al. / Table 8 area-weighted GAMA9/12/15
all,wang_raw,Wang raw,5,70.74302581951733,14.148605163903465,-0.4571757456810955,,,wang_farmer_1p278deg2,1.278,Valiante et al. / Table 8 area-weighted GAMA9/12/15
500,aless,ALESS,13,151.46231989823912,11.650947684479933,0.17397364718311226,0.6654797243002244,0.58844770796892,wang_farmer_1p278deg2,1.278,Valiante et al. / Table 9 area-weighted GAMA9/12/15
500,fsps_lirnorm,FSPS,13,279.83363745887016,21.525664419913088,0.8930153048473667,0.8903120429203569,0.801366875639422,wang_farmer_1p278deg2,1.278,Valiante et al. / Table 9 area-weighted GAMA9/12/15
500,resthybrid25,25% ALESS,13,122.53053182038042,9.425425524644648,0.7238141827055324,0.6991384543544565,0.5921548493182941,wang_farmer_1p278deg2,1.278,Valiante et al. / Table 9 area-weighted GAMA9/12/15
500,resthybrid50,50% ALESS,13,103.82211831950978,7.986316793808445,0.5752802440718161,0.7022218778782152,0.6116083155611655,wang_farmer_1p278deg2,1.278,Valiante et al. / Table 9 area-weighted GAMA9/12/15
500,resthybrid75,75% ALESS,13,97.98847921494054,7.537575324226196,0.41997463640839283,0.5964376318135001,0.5555980702040383,wang_farmer_1p278deg2,1.278,Valiante et al. / Table 9 area-weighted GAMA9/12/15
500,wang_raw,Wang raw,4,67.50816093647643,16.877040234119107,-0.5624867006576286,0.5576164062285272,0.5335863989595875,wang_farmer_1p278deg2,1.278,Valiante et al. / Table 9 area-weighted GAMA9/12/15
all,aless,ALESS,13,151.46231989823912,11.650947684479933,0.17397364718311226,,,wang_farmer_1p278deg2,1.278,Valiante et al. / Table 9 area-weighted GAMA9/12/15
all,fsps_lirnorm,FSPS,13,279.83363745887016,21.525664419913088,0.8930153048473667,,,wang_farmer_1p278deg2,1.278,Valiante et al. / Table 9 area-weighted GAMA9/12/15
all,resthybrid25,25% ALESS,13,122.53053182038042,9.425425524644648,0.7238141827055324,,,wang_farmer_1p278deg2,1.278,Valiante et al. / Table 9 area-weighted GAMA9/12/15
all,resthybrid50,50% ALESS,13,103.82211831950978,7.986316793808445,0.5752802440718161,,,wang_farmer_1p278deg2,1.278,Valiante et al. / Table 9 area-weighted GAMA9/12/15
all,resthybrid75,75% ALESS,13,97.98847921494054,7.537575324226196,0.41997463640839283,,,wang_farmer_1p278deg2,1.278,Valiante et al. / Table 9 area-weighted GAMA9/12/15
all,wang_raw,Wang raw,4,67.50816093647643,16.877040234119107,-0.5624867006576286,,,wang_farmer_1p278deg2,1.278,Valiante et al. / Table 9 area-weighted GAMA9/12/15
250,aless,ALESS,5,34.734018716595536,6.946803743319107,-0.32781927733448163,0.3547307305491568,0.33190901013123575,wang_farmer_1p278deg2,1.278,Varnish et al. / Table 4 P(D) best-fit spline
250,fsps_lirnorm,FSPS,5,33.913809907952135,6.782761981590427,0.2543304046689928,0.39973641128925064,0.2925373096135244,wang_farmer_1p278deg2,1.278,Varnish et al. / Table 4 P(D) best-fit spline
250,resthybrid25,25% ALESS,5,14.523581907564193,2.9047163815128387,0.10047513369160999,0.2981584898064568,0.20049593154278716,wang_farmer_1p278deg2,1.278,Varnish et al. / Table 4 P(D) best-fit spline
250,resthybrid50,50% ALESS,5,4.54812249349408,0.9096244986988159,-0.08284260450122793,0.1628243464148335,0.14167970487204262,wang_farmer_1p278deg2,1.278,Varnish et al. / Table 4 P(D) best-fit spline
250,resthybrid75,75% ALESS,5,15.414516729254863,3.0829033458509727,-0.12530315892794264,0.24021932603828997,0.2135235106446748,wang_farmer_1p278deg2,1.278,Varnish et al. / Table 4 P(D) best-fit spline
250,wang_raw,Wang raw,4,21.3301471923146,5.33253679807865,-0.28630498641382063,0.48472583184508977,0.39792189633812347,wang_farmer_1p278deg2,1.278,Varnish et al. / Table 4 P(D) best-fit spline
350,aless,ALESS,5,31.07679936514798,6.2153598730295965,-0.32322039242716977,0.41835501822160487,0.36255824801285835,wang_farmer_1p278deg2,1.278,Varnish et al. / Table 4 P(D) best-fit spline
350,fsps_lirnorm,FSPS,5,59.22895257059699,11.845790514119397,0.32732316801032135,0.5607846252133236,0.4489145024245144,wang_farmer_1p278deg2,1.278,Varnish et al. / Table 4 P(D) best-fit spline
350,resthybrid25,25% ALESS,5,33.79098016986896,6.758196033973792,0.12607948699997745,0.3913001510198322,0.24857920070052303,wang_farmer_1p278deg2,1.278,Varnish et al. / Table 4 P(D) best-fit spline
350,resthybrid50,50% ALESS,5,24.95105780922598,4.990211561845196,-0.03611986421455138,0.4417206993417511,0.34141397415015395,wang_farmer_1p278deg2,1.278,Varnish et al. / Table 4 P(D) best-fit spline
350,resthybrid75,75% ALESS,5,29.61203022088243,5.922406044176486,-0.15749467959619967,0.48301817048993945,0.4340052584869836,wang_farmer_1p278deg2,1.278,Varnish et al. / Table 4 P(D) best-fit spline
350,wang_raw,Wang raw,3,11.824565832453262,3.9415219441510874,-0.3115780009453285,0.2979254746675019,0.29519083579218425,wang_farmer_1p278deg2,1.278,Varnish et al. / Table 4 P(D) best-fit spline
500,aless,ALESS,5,35.97903405646788,7.1958068112935765,-0.3049399643400541,0.6172855149897583,0.5737504431644233,wang_farmer_1p278deg2,1.278,Varnish et al. / Table 4 P(D) best-fit spline
500,fsps_lirnorm,FSPS,5,119.77658015208559,23.955316030417116,0.5920107797522427,0.89246646341387,0.7776118057524872,wang_farmer_1p278deg2,1.278,Varnish et al. / Table 4 P(D) best-fit spline
500,resthybrid25,25% ALESS,5,47.55240764448544,9.510481528897088,0.34608283911941146,0.6900557940283621,0.5624639861564324,wang_farmer_1p278deg2,1.278,Varnish et al. / Table 4 P(D) best-fit spline
500,resthybrid50,50% ALESS,5,25.99042147692618,5.198084295385236,0.07884646859303512,0.6356268248639919,0.4189198322289286,wang_farmer_1p278deg2,1.278,Varnish et al. / Table 4 P(D) best-fit spline
500,resthybrid75,75% ALESS,5,17.689754745367708,3.5379509490735415,-0.22637499150896426,0.5350880844283786,0.4562824400963416,wang_farmer_1p278deg2,1.278,Varnish et al. / Table 4 P(D) best-fit spline
500,wang_raw,Wang raw,3,11.198965696428127,3.732988565476042,-0.2756091243343731,0.3259073020541608,0.2989979097951391,wang_farmer_1p278deg2,1.278,Varnish et al. / Table 4 P(D) best-fit spline
all,aless,ALESS,15,101.7898521382114,6.785990142547427,-0.32322039242716977,,,wang_farmer_1p278deg2,1.278,Varnish et al. / Table 4 P(D) best-fit spline
all,fsps_lirnorm,FSPS,15,212.9193426306347,14.194622842042314,0.32732316801032135,,,wang_farmer_1p278deg2,1.278,Varnish et al. / Table 4 P(D) best-fit spline
all,resthybrid25,25% ALESS,15,95.8669697219186,6.391131314794573,0.12607948699997745,,,wang_farmer_1p278deg2,1.278,Varnish et al. / Table 4 P(D) best-fit spline
all,resthybrid50,50% ALESS,15,55.489601779646236,3.699306785309749,-0.03611986421455138,,,wang_farmer_1p278deg2,1.278,Varnish et al. / Table 4 P(D) best-fit spline
all,resthybrid75,75% ALESS,15,62.716301695505,4.181086779700333,-0.15749467959619967,,,wang_farmer_1p278deg2,1.278,Varnish et al. / Table 4 P(D) best-fit spline
all,wang_raw,Wang raw,10,44.35367872119599,4.435367872119599,-0.28630498641382063,,,wang_farmer_1p278deg2,1.278,Varnish et al. / Table 4 P(D) best-fit spline
