band_um,model,model_label,T_dust_K,alpha_mir,N_points,chi2_log,reduced_chi2_log,median_log10_model_over_obs,external_source
250,casey_T25_a15,Casey T25K a=1.5,25,1.5,13,129.33014875184156,9.94847298091089,-0.30556126535640893,Clements et al. / Table 1
350,casey_T25_a15,Casey T25K a=1.5,25,1.5,12,71.13784406106498,5.928153671755415,-0.03845778063639766,Clements et al. / Table 1
500,casey_T25_a15,Casey T25K a=1.5,25,1.5,10,23.55200999138837,2.355200999138837,0.37027333658877015,Clements et al. / Table 1
all,casey_T25_a15,Casey T25K a=1.5,25,1.5,35,224.0200028042949,6.40057150869414,-0.03845778063639766,Clements et al. / Table 1
250,casey_T25_a20,Casey T25K a=2.0,25,2.0,13,15.815461913946976,1.2165739933805366,-0.03739627944500706,Clements et al. / Table 1
350,casey_T25_a20,Casey T25K a=2.0,25,2.0,11,48.10852989599564,4.373502717817785,0.14694845668208767,Clements et al. / Table 1
500,casey_T25_a20,Casey T25K a=2.0,25,2.0,10,104.88517789851578,10.488517789851578,0.5478759015852589,Clements et al. / Table 1
all,casey_T25_a20,Casey T25K a=2.0,25,2.0,34,168.8091697084584,4.964975579660541,0.14694845668208767,Clements et al. / Table 1
250,casey_T25_a25,Casey T25K a=2.5,25,2.5,13,46.183795969830854,3.5525996899869887,0.15181997052974255,Clements et al. / Table 1
350,casey_T25_a25,Casey T25K a=2.5,25,2.5,12,137.25118942775833,11.437599118979861,0.357061478705206,Clements et al. / Table 1
500,casey_T25_a25,Casey T25K a=2.5,25,2.5,9,205.77081023157038,22.863423359063376,0.7304378375747148,Clements et al. / Table 1
all,casey_T25_a25,Casey T25K a=2.5,25,2.5,34,389.2057956291595,11.447229283210575,0.357061478705206,Clements et al. / Table 1
250,casey_T25_a30,Casey T25K a=3.0,25,3.0,13,99.49730610330045,7.653638931023111,0.23066095651657242,Clements et al. / Table 1
350,casey_T25_a30,Casey T25K a=3.0,25,3.0,12,233.66392920780856,19.471994100650715,0.4829819569037636,Clements et al. / Table 1
500,casey_T25_a30,Casey T25K a=3.0,25,3.0,9,286.16352537110197,31.795947263455773,0.8277298631435548,Clements et al. / Table 1
all,casey_T25_a30,Casey T25K a=3.0,25,3.0,34,619.324760682211,18.21543413771209,0.4829819569037636,Clements et al. / Table 1
250,casey_T30_a15,Casey T30K a=1.5,30,1.5,13,308.08921109207864,23.69917008400605,-0.46667590131019276,Clements et al. / Table 1
350,casey_T30_a15,Casey T30K a=1.5,30,1.5,12,175.88310756007715,14.656925630006429,-0.32963440573308495,Clements et al. / Table 1
500,casey_T30_a15,Casey T30K a=1.5,30,1.5,10,17.058179671461204,1.7058179671461204,-0.09543593646579052,Clements et al. / Table 1
all,casey_T30_a15,Casey T30K a=1.5,30,1.5,35,501.03049832361694,14.315157094960483,-0.32963440573308495,Clements et al. / Table 1
250,casey_T30_a20,Casey T30K a=2.0,30,2.0,13,128.7314088973827,9.902416069029439,-0.3435857360266547,Clements et al. / Table 1
350,casey_T30_a20,Casey T30K a=2.0,30,2.0,12,75.20430153309078,6.267025127757566,-0.14883441187330693,Clements et al. / Table 1
500,casey_T30_a20,Casey T30K a=2.0,30,2.0,10,23.415948866973775,2.3415948866973775,0.2637017799210371,Clements et al. / Table 1
all,casey_T30_a20,Casey T30K a=2.0,30,2.0,35,227.35165929744724,6.495761694212779,-0.14883441187330693,Clements et al. / Table 1
250,casey_T30_a25,Casey T30K a=2.5,30,2.5,13,38.25503612367913,2.9426950864368564,-0.16913416359255803,Clements et al. / Table 1
350,casey_T30_a25,Casey T30K a=2.5,30,2.5,11,35.80467198156108,3.254970180141916,-0.027484024026921003,Clements et al. / Table 1
500,casey_T30_a25,Casey T30K a=2.5,30,2.5,10,19.981958744021313,1.9981958744021313,0.32298724948055824,Clements et al. / Table 1
all,casey_T30_a25,Casey T30K a=2.5,30,2.5,34,94.04166684926153,2.7659313779194568,-0.027484024026921003,Clements et al. / Table 1
250,casey_T30_a30,Casey T30K a=3.0,30,3.0,13,12.242274104552905,0.9417133926579158,-0.053283455639424826,Clements et al. / Table 1
350,casey_T30_a30,Casey T30K a=3.0,30,3.0,11,36.46690955666368,3.3151735960603346,0.10837456159054872,Clements et al. / Table 1
500,casey_T30_a30,Casey T30K a=3.0,30,3.0,10,27.411163781381077,2.741116378138108,0.22962720308485957,Clements et al. / Table 1
all,casey_T30_a30,Casey T30K a=3.0,30,3.0,34,76.12034744259766,2.238833748311696,0.10837456159054872,Clements et al. / Table 1
250,casey_T35_a15,Casey T35K a=1.5,35,1.5,13,466.5487860029661,35.888368154074314,-0.7603383426768509,Clements et al. / Table 1
350,casey_T35_a15,Casey T35K a=1.5,35,1.5,12,262.31532241104946,21.859610200920788,-0.6800769765436004,Clements et al. / Table 1
500,casey_T35_a15,Casey T35K a=1.5,35,1.5,10,28.953107244911607,2.8953107244911607,-0.16763665889002172,Clements et al. / Table 1
all,casey_T35_a15,Casey T35K a=1.5,35,1.5,35,757.8172156589272,21.65192044739792,-0.6800769765436004,Clements et al. / Table 1
250,casey_T35_a20,Casey T35K a=2.0,35,2.0,13,299.95110849361924,23.073162191816866,-0.5174354690087847,Clements et al. / Table 1
350,casey_T35_a20,Casey T35K a=2.0,35,2.0,12,208.41860506850136,17.36821708904178,-0.4200937592626045,Clements et al. / Table 1
500,casey_T35_a20,Casey T35K a=2.0,35,2.0,10,22.545055136406326,2.2545055136406327,-0.26313735050493187,Clements et al. / Table 1
all,casey_T35_a20,Casey T35K a=2.0,35,2.0,35,530.9147686985269,15.168993391386485,-0.4200937592626045,Clements et al. / Table 1
250,casey_T35_a25,Casey T35K a=2.5,35,2.5,12,175.5855099763142,14.632125831359517,-0.4110062713833098,Clements et al. / Table 1
350,casey_T35_a25,Casey T35K a=2.5,35,2.5,12,140.50647606101552,11.708873005084627,-0.28168680360840165,Clements et al. / Table 1
500,casey_T35_a25,Casey T35K a=2.5,35,2.5,10,21.099698980673036,2.1099698980673036,-0.00602971402745045,Clements et al. / Table 1
all,casey_T35_a25,Casey T35K a=2.5,35,2.5,34,337.1916850180028,9.917402500529493,-0.28168680360840165,Clements et al. / Table 1
250,casey_T35_a30,Casey T35K a=3.0,35,3.0,12,114.31172843907967,9.525977369923305,-0.30337542616351676,Clements et al. / Table 1
350,casey_T35_a30,Casey T35K a=3.0,35,3.0,12,96.88389606233466,8.073658005194554,-0.2486507489909906,Clements et al. / Table 1
500,casey_T35_a30,Casey T35K a=3.0,35,3.0,10,12.99145144986952,1.299145144986952,0.06423902886985117,Clements et al. / Table 1
all,casey_T35_a30,Casey T35K a=3.0,35,3.0,34,224.18707595128384,6.593737527978937,-0.2486507489909906,Clements et al. / Table 1
250,casey_T40_a15,Casey T40K a=1.5,40,1.5,13,551.3169069669525,42.40899284361173,-1.0689154000737329,Clements et al. / Table 1
350,casey_T40_a15,Casey T40K a=1.5,40,1.5,12,276.69269654916707,23.057724712430588,-0.8827070191586519,Clements et al. / Table 1
500,casey_T40_a15,Casey T40K a=1.5,40,1.5,9,29.43918704835934,3.271020783151038,-0.3044082384064153,Clements et al. / Table 1
all,casey_T40_a15,Casey T40K a=1.5,40,1.5,34,857.4487905644789,25.219082075425852,-0.8827070191586519,Clements et al. / Table 1
250,casey_T40_a20,Casey T40K a=2.0,40,2.0,13,468.47692856066186,36.0366868123586,-0.7975844480251527,Clements et al. / Table 1
350,casey_T40_a20,Casey T40K a=2.0,40,2.0,12,273.60403791222814,22.800336492685677,-0.7332723129887276,Clements et al. / Table 1
500,casey_T40_a20,Casey T40K a=2.0,40,2.0,10,33.76561287836941,3.376561287836941,-0.4191616838382104,Clements et al. / Table 1
all,casey_T40_a20,Casey T40K a=2.0,40,2.0,35,775.8465793512594,22.167045124321696,-0.7332723129887276,Clements et al. / Table 1
250,casey_T40_a25,Casey T40K a=2.5,40,2.5,13,361.5894993556364,27.814576873510493,-0.6274715791322469,Clements et al. / Table 1
350,casey_T40_a25,Casey T40K a=2.5,40,2.5,12,254.93849714827613,21.244874762356343,-0.5188021206543469,Clements et al. / Table 1
500,casey_T40_a25,Casey T40K a=2.5,40,2.5,10,29.049347995292752,2.904934799529275,-0.16763665889002172,Clements et al. / Table 1
all,casey_T40_a25,Casey T40K a=2.5,40,2.5,35,645.5773444992053,18.44506698569158,-0.5188021206543469,Clements et al. / Table 1
250,casey_T40_a30,Casey T40K a=3.0,40,3.0,13,281.50082061811287,21.653909278316373,-0.5761195619489358,Clements et al. / Table 1
350,casey_T40_a30,Casey T40K a=3.0,40,3.0,12,233.65988215359448,19.471656846132873,-0.43481502158500723,Clements et al. / Table 1
500,casey_T40_a30,Casey T40K a=3.0,40,3.0,10,28.87453568670417,2.8874535686704172,-0.16763665889002172,Clements et al. / Table 1
all,casey_T40_a30,Casey T40K a=3.0,40,3.0,35,544.0352384584114,15.543863955954611,-0.43481502158500723,Clements et al. / Table 1
250,casey_T45_a15,Casey T45K a=1.5,45,1.5,13,576.1830043897712,44.32176956844394,-1.112946027329112,Clements et al. / Table 1
350,casey_T45_a15,Casey T45K a=1.5,45,1.5,12,251.2223354240283,20.935194618669026,-1.047250761675329,Clements et al. / Table 1
500,casey_T45_a15,Casey T45K a=1.5,45,1.5,8,30.12193882059605,3.7652423525745062,-0.49108880243627356,Clements et al. / Table 1
all,casey_T45_a15,Casey T45K a=1.5,45,1.5,33,857.5272786343955,25.985675110133197,-1.047250761675329,Clements et al. / Table 1
250,casey_T45_a20,Casey T45K a=2.0,45,2.0,13,553.1178549660597,42.547527305081516,-1.0892304727399336,Clements et al. / Table 1
350,casey_T45_a20,Casey T45K a=2.0,45,2.0,12,271.89616493928366,22.658013744940305,-1.0051166000326623,Clements et al. / Table 1
500,casey_T45_a20,Casey T45K a=2.0,45,2.0,8,31.379134417802206,3.9223918022252757,-0.599276601660778,Clements et al. / Table 1
all,casey_T45_a20,Casey T45K a=2.0,45,2.0,33,856.3931543231455,25.951307706761984,-1.0051166000326623,Clements et al. / Table 1
250,casey_T45_a25,Casey T45K a=2.5,45,2.5,13,516.7921386173001,39.75324143210001,-0.906881506763106,Clements et al. / Table 1
350,casey_T45_a25,Casey T45K a=2.5,45,2.5,12,277.7703557781865,23.14752964818221,-0.8827070191586519,Clements et al. / Table 1
500,casey_T45_a25,Casey T45K a=2.5,45,2.5,9,31.240202989448434,3.4711336654942704,-0.3875395415203515,Clements et al. / Table 1
all,casey_T45_a25,Casey T45K a=2.5,45,2.5,34,825.8026973849351,24.288314628968678,-0.8827070191586519,Clements et al. / Table 1
250,casey_T45_a30,Casey T45K a=3.0,45,3.0,13,463.7876769993899,35.67597515379922,-0.8125417779561467,Clements et al. / Table 1
350,casey_T45_a30,Casey T45K a=3.0,45,3.0,12,273.12748053264505,22.76062337772042,-0.7637737433226415,Clements et al. / Table 1
500,casey_T45_a30,Casey T45K a=3.0,45,3.0,9,29.43918704835934,3.271020783151038,-0.3044082384064153,Clements et al. / Table 1
all,casey_T45_a30,Casey T45K a=3.0,45,3.0,34,766.3543445803944,22.539833664129247,-0.7637737433226415,Clements et al. / Table 1
250,casey_T25_a15,Casey T25K a=1.5,25,1.5,4,21.94328961871124,5.48582240467781,-0.15728763109564076,Glenn et al. / Table 4 P(D) spline no FIRAS
350,casey_T25_a15,Casey T25K a=1.5,25,1.5,4,10.664287969310971,2.6660719923277427,0.05876461463731952,Glenn et al. / Table 4 P(D) spline no FIRAS
500,casey_T25_a15,Casey T25K a=1.5,25,1.5,3,10.559131946818251,3.519710648939417,0.16362824071682258,Glenn et al. / Table 4 P(D) spline no FIRAS
all,casey_T25_a15,Casey T25K a=1.5,25,1.5,11,43.166709534840464,3.924246321349133,0.05876461463731952,Glenn et al. / Table 4 P(D) spline no FIRAS
250,casey_T25_a20,Casey T25K a=2.0,25,2.0,4,18.934007299397535,4.733501824849384,0.09925799417056677,Glenn et al. / Table 4 P(D) spline no FIRAS
350,casey_T25_a20,Casey T25K a=2.0,25,2.0,4,24.795349038016813,6.198837259504203,0.40463828012085984,Glenn et al. / Table 4 P(D) spline no FIRAS
500,casey_T25_a20,Casey T25K a=2.0,25,2.0,3,24.65540808909051,8.21846936303017,0.44797633566014256,Glenn et al. / Table 4 P(D) spline no FIRAS
all,casey_T25_a20,Casey T25K a=2.0,25,2.0,11,68.38476442650486,6.2167967660458965,0.40463828012085984,Glenn et al. / Table 4 P(D) spline no FIRAS
250,casey_T25_a25,Casey T25K a=2.5,25,2.5,4,36.84631134229514,9.211577835573785,0.23656734632461873,Glenn et al. / Table 4 P(D) spline no FIRAS
350,casey_T25_a25,Casey T25K a=2.5,25,2.5,4,47.412449409539825,11.853112352384956,0.5512138450724177,Glenn et al. / Table 4 P(D) spline no FIRAS
500,casey_T25_a25,Casey T25K a=2.5,25,2.5,3,45.808258291265716,15.269419430421905,0.5693134359135694,Glenn et al. / Table 4 P(D) spline no FIRAS
all,casey_T25_a25,Casey T25K a=2.5,25,2.5,11,130.0670190431007,11.824274458463698,0.5512138450724177,Glenn et al. / Table 4 P(D) spline no FIRAS
250,casey_T25_a30,Casey T25K a=3.0,25,3.0,4,51.0717961236998,12.76794903092495,0.3336141898146048,Glenn et al. / Table 4 P(D) spline no FIRAS
350,casey_T25_a30,Casey T25K a=3.0,25,3.0,4,72.23785189963908,18.05946297490977,0.6423287978575434,Glenn et al. / Table 4 P(D) spline no FIRAS
500,casey_T25_a30,Casey T25K a=3.0,25,3.0,3,62.82616774205982,20.942055914019942,0.6894802801664777,Glenn et al. / Table 4 P(D) spline no FIRAS
all,casey_T25_a30,Casey T25K a=3.0,25,3.0,11,186.13581576539872,16.92143779685443,0.6423287978575434,Glenn et al. / Table 4 P(D) spline no FIRAS
250,casey_T30_a15,Casey T30K a=1.5,30,1.5,4,59.86597320891685,14.966493302229212,-0.3898361828388755,Glenn et al. / Table 4 P(D) spline no FIRAS
350,casey_T30_a15,Casey T30K a=1.5,30,1.5,4,39.263905362603374,9.815976340650844,-0.1691754269580263,Glenn et al. / Table 4 P(D) spline no FIRAS
500,casey_T30_a15,Casey T30K a=1.5,30,1.5,3,30.624117247837596,10.208039082612531,-0.48817593657540365,Glenn et al. / Table 4 P(D) spline no FIRAS
all,casey_T30_a15,Casey T30K a=1.5,30,1.5,11,129.7539958193578,11.795817801759801,-0.3898361828388755,Glenn et al. / Table 4 P(D) spline no FIRAS
250,casey_T30_a20,Casey T30K a=2.0,30,2.0,4,19.50827940872532,4.87706985218133,-0.15343857078909948,Glenn et al. / Table 4 P(D) spline no FIRAS
350,casey_T30_a20,Casey T30K a=2.0,30,2.0,4,14.072695614380628,3.518173903595157,0.016466111283464174,Glenn et al. / Table 4 P(D) spline no FIRAS
500,casey_T30_a20,Casey T30K a=2.0,30,2.0,3,14.536178571393606,4.845392857131202,-0.1540802326679191,Glenn et al. / Table 4 P(D) spline no FIRAS
all,casey_T30_a20,Casey T30K a=2.0,30,2.0,11,48.117153594499555,4.3742866904090505,-0.15343857078909948,Glenn et al. / Table 4 P(D) spline no FIRAS
250,casey_T30_a25,Casey T30K a=2.5,30,2.5,4,5.7098147760615126,1.4274536940153781,0.02373052231525924,Glenn et al. / Table 4 P(D) spline no FIRAS
350,casey_T30_a25,Casey T30K a=2.5,30,2.5,4,8.027348991297433,2.0068372478243584,0.20894628992688988,Glenn et al. / Table 4 P(D) spline no FIRAS
500,casey_T30_a25,Casey T30K a=2.5,30,2.5,3,9.935598268577596,3.3118660895258656,0.1438325532760379,Glenn et al. / Table 4 P(D) spline no FIRAS
all,casey_T30_a25,Casey T30K a=2.5,30,2.5,11,23.672762035936543,2.152069275994231,0.1438325532760379,Glenn et al. / Table 4 P(D) spline no FIRAS
250,casey_T30_a30,Casey T30K a=3.0,30,3.0,4,15.700888353788988,3.925222088447247,0.09962503536737266,Glenn et al. / Table 4 P(D) spline no FIRAS
350,casey_T30_a30,Casey T30K a=3.0,30,3.0,4,15.520118668319949,3.880029667079987,0.3139087072321755,Glenn et al. / Table 4 P(D) spline no FIRAS
500,casey_T30_a30,Casey T30K a=3.0,30,3.0,3,6.540831840877772,2.1802772802925907,0.24694269641446517,Glenn et al. / Table 4 P(D) spline no FIRAS
all,casey_T30_a30,Casey T30K a=3.0,30,3.0,11,37.76183886298671,3.4328944420897005,0.24694269641446517,Glenn et al. / Table 4 P(D) spline no FIRAS
250,casey_T35_a15,Casey T35K a=1.5,35,1.5,4,108.54929111167677,27.13732277791919,-0.6407548126573123,Glenn et al. / Table 4 P(D) spline no FIRAS
350,casey_T35_a15,Casey T35K a=1.5,35,1.5,4,88.52723242104177,22.131808105260443,-0.5246577833334876,Glenn et al. / Table 4 P(D) spline no FIRAS
500,casey_T35_a15,Casey T35K a=1.5,35,1.5,3,76.26821448605676,25.42273816201892,-0.7562699512852906,Glenn et al. / Table 4 P(D) spline no FIRAS
all,casey_T35_a15,Casey T35K a=1.5,35,1.5,11,273.3447380187753,24.84952163807048,-0.6407548126573123,Glenn et al. / Table 4 P(D) spline no FIRAS
250,casey_T35_a20,Casey T35K a=2.0,35,2.0,4,66.63818797283425,16.65954699320856,-0.44384239833218386,Glenn et al. / Table 4 P(D) spline no FIRAS
350,casey_T35_a20,Casey T35K a=2.0,35,2.0,4,51.49427133748475,12.873567834371187,-0.25305503416658326,Glenn et al. / Table 4 P(D) spline no FIRAS
500,casey_T35_a20,Casey T35K a=2.0,35,2.0,3,49.58572422175265,16.528574740584215,-0.6283926909193567,Glenn et al. / Table 4 P(D) spline no FIRAS
all,casey_T35_a20,Casey T35K a=2.0,35,2.0,11,167.71818353207163,15.247107593824694,-0.44384239833218386,Glenn et al. / Table 4 P(D) spline no FIRAS
250,casey_T35_a25,Casey T35K a=2.5,35,2.5,4,25.84449485524912,6.46112371381228,-0.24961759455556598,Glenn et al. / Table 4 P(D) spline no FIRAS
350,casey_T35_a25,Casey T35K a=2.5,35,2.5,4,29.473366123755508,7.368341530938877,-0.1567343120841765,Glenn et al. / Table 4 P(D) spline no FIRAS
500,casey_T35_a25,Casey T35K a=2.5,35,2.5,3,32.93718134480672,10.979060448268905,-0.5215423323044044,Glenn et al. / Table 4 P(D) spline no FIRAS
all,casey_T35_a25,Casey T35K a=2.5,35,2.5,11,88.25504232381135,8.023185665801032,-0.24961759455556598,Glenn et al. / Table 4 P(D) spline no FIRAS
250,casey_T35_a30,Casey T35K a=3.0,35,3.0,4,15.654363941571663,3.913590985392916,-0.18805116118257975,Glenn et al. / Table 4 P(D) spline no FIRAS
350,casey_T35_a30,Casey T35K a=3.0,35,3.0,4,18.560601853183673,4.640150463295918,-0.03099508574523155,Glenn et al. / Table 4 P(D) spline no FIRAS
500,casey_T35_a30,Casey T35K a=3.0,35,3.0,3,25.415003730110236,8.471667910036745,-0.39842432459117133,Glenn et al. / Table 4 P(D) spline no FIRAS
all,casey_T35_a30,Casey T35K a=3.0,35,3.0,11,59.62996952486557,5.420906320442325,-0.18805116118257975,Glenn et al. / Table 4 P(D) spline no FIRAS
250,casey_T40_a15,Casey T40K a=1.5,40,1.5,4,170.4329826834196,42.6082456708549,-0.8504611826788001,Glenn et al. / Table 4 P(D) spline no FIRAS
350,casey_T40_a15,Casey T40K a=1.5,40,1.5,4,135.85712712412595,33.96428178103149,-0.7028338554172644,Glenn et al. / Table 4 P(D) spline no FIRAS
500,casey_T40_a15,Casey T40K a=1.5,40,1.5,3,119.61054473412555,39.87018157804185,-1.062181742768665,Glenn et al. / Table 4 P(D) spline no FIRAS
all,casey_T40_a15,Casey T40K a=1.5,40,1.5,11,425.9006545416711,38.7182413219701,-0.8504611826788001,Glenn et al. / Table 4 P(D) spline no FIRAS
250,casey_T40_a20,Casey T40K a=2.0,40,2.0,4,108.55426797187953,27.13856699296988,-0.6122783532146958,Glenn et al. / Table 4 P(D) spline no FIRAS
350,casey_T40_a20,Casey T40K a=2.0,40,2.0,4,102.35870342682873,25.58967585670718,-0.6664471112826362,Glenn et al. / Table 4 P(D) spline no FIRAS
500,casey_T40_a20,Casey T40K a=2.0,40,2.0,3,105.01942768687859,35.006475895626195,-0.8796645576065691,Glenn et al. / Table 4 P(D) spline no FIRAS
all,casey_T40_a20,Casey T40K a=2.0,40,2.0,11,315.93239908558684,28.721127189598803,-0.6664471112826362,Glenn et al. / Table 4 P(D) spline no FIRAS
250,casey_T40_a25,Casey T40K a=2.5,40,2.5,4,82.86391693211658,20.715979233029145,-0.5424225794948335,Glenn et al. / Table 4 P(D) spline no FIRAS
350,casey_T40_a25,Casey T40K a=2.5,40,2.5,4,79.13807553055908,19.78451888263977,-0.39108043846087276,Glenn et al. / Table 4 P(D) spline no FIRAS
500,casey_T40_a25,Casey T40K a=2.5,40,2.5,3,80.2535843585648,26.751194786188265,-0.8738516003636421,Glenn et al. / Table 4 P(D) spline no FIRAS
all,casey_T40_a25,Casey T40K a=2.5,40,2.5,11,242.25557682124048,22.023234256476407,-0.5424225794948335,Glenn et al. / Table 4 P(D) spline no FIRAS
250,casey_T40_a30,Casey T40K a=3.0,40,3.0,4,59.868254138924684,14.967063534731171,-0.42888674751735145,Glenn et al. / Table 4 P(D) spline no FIRAS
350,casey_T40_a30,Casey T40K a=3.0,40,3.0,4,64.61455396830962,16.153638492077405,-0.3292979752158263,Glenn et al. / Table 4 P(D) spline no FIRAS
500,casey_T40_a30,Casey T40K a=3.0,40,3.0,3,65.14572766222406,21.71524255407469,-0.6603055368859554,Glenn et al. / Table 4 P(D) spline no FIRAS
all,casey_T40_a30,Casey T40K a=3.0,40,3.0,11,189.62853576945838,17.238957797223488,-0.42888674751735145,Glenn et al. / Table 4 P(D) spline no FIRAS
250,casey_T45_a15,Casey T45K a=1.5,45,1.5,4,224.93857405866973,56.23464351466743,-0.9847952249624977,Glenn et al. / Table 4 P(D) spline no FIRAS
350,casey_T45_a15,Casey T45K a=1.5,45,1.5,4,169.85564088252931,42.46391022063233,-0.9204643490388784,Glenn et al. / Table 4 P(D) spline no FIRAS
500,casey_T45_a15,Casey T45K a=1.5,45,1.5,3,115.3253039693527,38.44176798978423,-1.1904130250708786,Glenn et al. / Table 4 P(D) spline no FIRAS
all,casey_T45_a15,Casey T45K a=1.5,45,1.5,11,510.11951891055173,46.374501719141065,-0.9847952249624977,Glenn et al. / Table 4 P(D) spline no FIRAS
250,casey_T45_a20,Casey T45K a=2.0,45,2.0,4,173.15297674117824,43.28824418529456,-0.8544178192805207,Glenn et al. / Table 4 P(D) spline no FIRAS
350,casey_T45_a20,Casey T45K a=2.0,45,2.0,4,146.57551677426596,36.64387919356649,-0.821907237920708,Glenn et al. / Table 4 P(D) spline no FIRAS
500,casey_T45_a20,Casey T45K a=2.0,45,2.0,3,120.39844026000141,40.13281342000047,-1.3209367691489606,Glenn et al. / Table 4 P(D) spline no FIRAS
all,casey_T45_a20,Casey T45K a=2.0,45,2.0,11,440.1269337754456,40.011539434131414,-0.8544178192805207,Glenn et al. / Table 4 P(D) spline no FIRAS
250,casey_T45_a25,Casey T45K a=2.5,45,2.5,4,145.08846836143917,36.27211709035979,-0.7095352158945183,Glenn et al. / Table 4 P(D) spline no FIRAS
350,casey_T45_a25,Casey T45K a=2.5,45,2.5,4,124.8339514185792,31.2084878546448,-0.6595116968445816,Glenn et al. / Table 4 P(D) spline no FIRAS
500,casey_T45_a25,Casey T45K a=2.5,45,2.5,3,119.96636026611617,39.988786755372054,-1.1601731490624516,Glenn et al. / Table 4 P(D) spline no FIRAS
all,casey_T45_a25,Casey T45K a=2.5,45,2.5,11,389.8887800461345,35.44443454964859,-0.7095352158945183,Glenn et al. / Table 4 P(D) spline no FIRAS
250,casey_T45_a30,Casey T45K a=3.0,45,3.0,4,114.9735493678664,28.7433873419666,-0.6457336589698652,Glenn et al. / Table 4 P(D) spline no FIRAS
350,casey_T45_a30,Casey T45K a=3.0,45,3.0,4,110.2089764202869,27.552244105071725,-0.5483750559893212,Glenn et al. / Table 4 P(D) spline no FIRAS
500,casey_T45_a30,Casey T45K a=3.0,45,3.0,3,116.41181935217578,38.80393978405859,-1.0374524710185702,Glenn et al. / Table 4 P(D) spline no FIRAS
all,casey_T45_a30,Casey T45K a=3.0,45,3.0,11,341.5943451403291,31.054031376393553,-0.6457336589698652,Glenn et al. / Table 4 P(D) spline no FIRAS
250,casey_T25_a15,Casey T25K a=1.5,25,1.5,5,7.809218350813414,1.5618436701626828,-0.2121235582526504,Oliver et al. / Table 2
350,casey_T25_a15,Casey T25K a=1.5,25,1.5,5,2.1859350592330706,0.4371870118466141,0.037353567910399454,Oliver et al. / Table 2
500,casey_T25_a15,Casey T25K a=1.5,25,1.5,5,2.158469957959388,0.4316939915918776,0.09849183806420563,Oliver et al. / Table 2
all,casey_T25_a15,Casey T25K a=1.5,25,1.5,15,12.153623368005873,0.8102415578670582,0.037353567910399454,Oliver et al. / Table 2
250,casey_T25_a20,Casey T25K a=2.0,25,2.0,5,1.2850766534660636,0.2570153306932127,0.011161295749633093,Oliver et al. / Table 2
350,casey_T25_a20,Casey T25K a=2.0,25,2.0,5,7.597714220349481,1.5195428440698961,0.27628068152855145,Oliver et al. / Table 2
500,casey_T25_a20,Casey T25K a=2.0,25,2.0,5,14.463252511245496,2.8926505022490994,0.386971871120639,Oliver et al. / Table 2
all,casey_T25_a20,Casey T25K a=2.0,25,2.0,15,23.34604338506104,1.5564028923374027,0.27628068152855145,Oliver et al. / Table 2
250,casey_T25_a25,Casey T25K a=2.5,25,2.5,5,8.324527105380405,1.664905421076081,0.17223384702061328,Oliver et al. / Table 2
350,casey_T25_a25,Casey T25K a=2.5,25,2.5,5,20.50297924088953,4.100595848177906,0.4265445913120418,Oliver et al. / Table 2
500,casey_T25_a25,Casey T25K a=2.5,25,2.5,5,19.30060921701616,3.860121843403232,0.5797340899153421,Oliver et al. / Table 2
all,casey_T25_a25,Casey T25K a=2.5,25,2.5,15,48.128115563286094,3.2085410375524064,0.4265445913120418,Oliver et al. / Table 2
250,casey_T25_a30,Casey T25K a=3.0,25,3.0,5,14.214940811954268,2.8429881623908537,0.2715962919677778,Oliver et al. / Table 2
350,casey_T25_a30,Casey T25K a=3.0,25,3.0,5,31.753231153818703,6.350646230763741,0.5227769715841615,Oliver et al. / Table 2
500,casey_T25_a30,Casey T25K a=3.0,25,3.0,5,28.064122014801598,5.612824402960319,0.6778100422232454,Oliver et al. / Table 2
all,casey_T25_a30,Casey T25K a=3.0,25,3.0,15,74.03229398057456,4.935486265371638,0.5227769715841615,Oliver et al. / Table 2
250,casey_T30_a15,Casey T30K a=1.5,30,1.5,5,26.954456057755998,5.3908912115511995,-0.43296237378190267,Oliver et al. / Table 2
350,casey_T30_a15,Casey T30K a=1.5,30,1.5,5,13.238343100536932,2.6476686201073862,-0.3454403049352471,Oliver et al. / Table 2
500,casey_T30_a15,Casey T30K a=1.5,30,1.5,5,10.025966908337397,2.005193381667479,-0.30759414575262073,Oliver et al. / Table 2
all,casey_T30_a15,Casey T30K a=1.5,30,1.5,15,50.21876606663032,3.347917737775355,-0.3454403049352471,Oliver et al. / Table 2
250,casey_T30_a20,Casey T30K a=2.0,30,2.0,5,7.617782163484054,1.5235564326968107,-0.2602722544882746,Oliver et al. / Table 2
350,casey_T30_a20,Casey T30K a=2.0,30,2.0,5,6.323529993549972,1.2647059987099945,-0.14651692151568224,Oliver et al. / Table 2
500,casey_T30_a20,Casey T30K a=2.0,30,2.0,5,7.074255476767103,1.4148510953534206,0.021303354041242485,Oliver et al. / Table 2
all,casey_T30_a20,Casey T30K a=2.0,30,2.0,15,21.01556763380113,1.4010378422534087,-0.14651692151568224,Oliver et al. / Table 2
250,casey_T30_a25,Casey T30K a=2.5,30,2.5,5,1.6972097484699833,0.33944194969399666,-0.10035439798285539,Oliver et al. / Table 2
350,casey_T30_a25,Casey T30K a=2.5,30,2.5,5,2.3403725564704456,0.4680745112940891,0.07758480124001757,Oliver et al. / Table 2
500,casey_T30_a25,Casey T30K a=2.5,30,2.5,5,2.1583694989810027,0.4316738997962005,0.12249157422654514,Oliver et al. / Table 2
all,casey_T30_a25,Casey T30K a=2.5,30,2.5,15,6.195951803921432,0.4130634535947621,0.07758480124001757,Oliver et al. / Table 2
250,casey_T30_a30,Casey T30K a=3.0,30,3.0,5,1.3205389066232947,0.26410778132465895,0.013063485931746666,Oliver et al. / Table 2
350,casey_T30_a30,Casey T30K a=3.0,30,3.0,5,4.0246857896619375,0.8049371579323875,0.197200954143668,Oliver et al. / Table 2
500,casey_T30_a30,Casey T30K a=3.0,30,3.0,5,5.256117001289198,1.0512234002578396,0.1650999756838009,Oliver et al. / Table 2
all,casey_T30_a30,Casey T30K a=3.0,30,3.0,15,10.60134169757443,0.7067561131716287,0.1650999756838009,Oliver et al. / Table 2
250,casey_T35_a15,Casey T35K a=1.5,35,1.5,5,55.46510469315268,11.093020938630536,-0.7131882525549982,Oliver et al. / Table 2
350,casey_T35_a15,Casey T35K a=1.5,35,1.5,5,34.395712886105635,6.879142577221127,-0.6362260587143063,Oliver et al. / Table 2
500,casey_T35_a15,Casey T35K a=1.5,35,1.5,5,18.146179825550394,3.629235965110079,-0.5708741562817332,Oliver et al. / Table 2
all,casey_T35_a15,Casey T35K a=1.5,35,1.5,15,108.0069974048087,7.200466493653914,-0.6362260587143063,Oliver et al. / Table 2
250,casey_T35_a20,Casey T35K a=2.0,35,2.0,5,25.633924089008307,5.126784817801662,-0.5344019517639262,Oliver et al. / Table 2
350,casey_T35_a20,Casey T35K a=2.0,35,2.0,5,17.728206282573726,3.5456412565147453,-0.41343568166629685,Oliver et al. / Table 2
500,casey_T35_a20,Casey T35K a=2.0,35,2.0,5,13.240485987739602,2.64809719754792,-0.5322938611464083,Oliver et al. / Table 2
all,casey_T35_a20,Casey T35K a=2.0,35,2.0,15,56.60261635932164,3.773507757288109,-0.5322938611464083,Oliver et al. / Table 2
250,casey_T35_a25,Casey T35K a=2.5,35,2.5,5,12.460129706846761,2.492025941369352,-0.3359548470495166,Oliver et al. / Table 2
350,casey_T35_a25,Casey T35K a=2.5,35,2.5,5,9.2077013143071,1.84154026286142,-0.2840233607698363,Oliver et al. / Table 2
500,casey_T35_a25,Casey T35K a=2.5,35,2.5,5,11.44931088732249,2.289862177464498,-0.32932736949330016,Oliver et al. / Table 2
all,casey_T35_a25,Casey T35K a=2.5,35,2.5,15,33.11714190847635,2.2078094605650898,-0.32932736949330016,Oliver et al. / Table 2
250,casey_T35_a30,Casey T35K a=3.0,35,3.0,5,6.760907364893096,1.3521814729786192,-0.25686625262277024,Oliver et al. / Table 2
350,casey_T35_a30,Casey T35K a=3.0,35,3.0,5,5.2113279417498015,1.0422655883499603,-0.16474968481722901,Oliver et al. / Table 2
500,casey_T35_a30,Casey T35K a=3.0,35,3.0,5,6.730925863692532,1.3461851727385064,-0.2223048384495787,Oliver et al. / Table 2
all,casey_T35_a30,Casey T35K a=3.0,35,3.0,15,18.703161170335427,1.246877411355695,-0.2223048384495787,Oliver et al. / Table 2
250,casey_T40_a15,Casey T40K a=1.5,40,1.5,5,83.12361191289816,16.62472238257963,-0.9203596050952617,Oliver et al. / Table 2
350,casey_T40_a15,Casey T40K a=1.5,40,1.5,5,56.78513518168856,11.357027036337712,-0.9374626979714604,Oliver et al. / Table 2
500,casey_T40_a15,Casey T40K a=1.5,40,1.5,5,24.539755586475497,4.9079511172951,-0.6912861545473259,Oliver et al. / Table 2
all,casey_T40_a15,Casey T40K a=1.5,40,1.5,15,164.44850268106222,10.963233512070815,-0.9203596050952617,Oliver et al. / Table 2
250,casey_T40_a20,Casey T40K a=2.0,40,2.0,5,54.56329708456466,10.912659416912932,-0.683437971506353,Oliver et al. / Table 2
350,casey_T40_a20,Casey T40K a=2.0,40,2.0,5,39.660283194937165,7.932056638987433,-0.8020615210093984,Oliver et al. / Table 2
500,casey_T40_a20,Casey T40K a=2.0,40,2.0,5,22.166421015415928,4.433284203083185,-0.84284854552455,Oliver et al. / Table 2
all,casey_T40_a20,Casey T40K a=2.0,40,2.0,15,116.39000129491774,7.759333419661183,-0.8020615210093984,Oliver et al. / Table 2
250,casey_T40_a25,Casey T40K a=2.5,40,2.5,5,35.30622739673149,7.061245479346297,-0.6234029192416205,Oliver et al. / Table 2
350,casey_T40_a25,Casey T40K a=2.5,40,2.5,5,30.406240129113485,6.081248025822697,-0.5155753240449775,Oliver et al. / Table 2
500,casey_T40_a25,Casey T40K a=2.5,40,2.5,5,20.114294555055608,4.022858911011122,-0.5708741562817332,Oliver et al. / Table 2
all,casey_T40_a25,Casey T40K a=2.5,40,2.5,15,85.82676208090058,5.721784138726705,-0.5708741562817332,Oliver et al. / Table 2
250,casey_T40_a30,Casey T40K a=3.0,40,3.0,5,25.514345372296685,5.102869074459337,-0.5402458771079853,Oliver et al. / Table 2
350,casey_T40_a30,Casey T40K a=3.0,40,3.0,5,22.855869282984322,4.5711738565968645,-0.42830301781895896,Oliver et al. / Table 2
500,casey_T40_a30,Casey T40K a=3.0,40,3.0,5,16.180738376200843,3.2361476752401686,-0.5708741562817332,Oliver et al. / Table 2
all,casey_T40_a30,Casey T40K a=3.0,40,3.0,15,64.55095303148184,4.303396868765456,-0.5402458771079853,Oliver et al. / Table 2
250,casey_T45_a15,Casey T45K a=1.5,45,1.5,5,106.18207813882321,21.236415627764643,-1.0186582678089469,Oliver et al. / Table 2
350,casey_T45_a15,Casey T45K a=1.5,45,1.5,5,70.7867717532802,14.15735435065604,-1.2039096136058272,Oliver et al. / Table 2
500,casey_T45_a15,Casey T45K a=1.5,45,1.5,4,26.438382226395813,6.609595556598953,-1.0553349881202083,Oliver et al. / Table 2
all,casey_T45_a15,Casey T45K a=1.5,45,1.5,14,203.40723211849925,14.529088008464232,-1.0553349881202083,Oliver et al. / Table 2
250,casey_T45_a20,Casey T45K a=2.0,45,2.0,5,81.56856692637035,16.31371338527407,-0.9203596050952617,Oliver et al. / Table 2
350,casey_T45_a20,Casey T45K a=2.0,45,2.0,5,62.06270426960722,12.412540853921444,-1.0224448989319295,Oliver et al. / Table 2
500,casey_T45_a20,Casey T45K a=2.0,45,2.0,4,25.66882842709863,6.417207106774658,-1.1011581065653395,Oliver et al. / Table 2
all,casey_T45_a20,Casey T45K a=2.0,45,2.0,14,169.30009962307622,12.092864258791158,-1.0224448989319295,Oliver et al. / Table 2
250,casey_T45_a25,Casey T45K a=2.5,45,2.5,5,65.74505900454349,13.1490118009087,-0.7523279645738798,Oliver et al. / Table 2
350,casey_T45_a25,Casey T45K a=2.5,45,2.5,5,52.093047864028776,10.418609572805755,-0.9374626979714604,Oliver et al. / Table 2
500,casey_T45_a25,Casey T45K a=2.5,45,2.5,5,25.107192118127152,5.021438423625431,-0.7791779776048957,Oliver et al. / Table 2
all,casey_T45_a25,Casey T45K a=2.5,45,2.5,15,142.9452989866994,9.529686599113294,-0.7791779776048957,Oliver et al. / Table 2
250,casey_T45_a30,Casey T45K a=3.0,45,3.0,5,54.02889158827232,10.805778317654465,-0.7131882525549982,Oliver et al. / Table 2
350,casey_T45_a30,Casey T45K a=3.0,45,3.0,5,46.466362193280226,9.293272438656045,-0.7708859913827627,Oliver et al. / Table 2
500,casey_T45_a30,Casey T45K a=3.0,45,3.0,5,22.73032736882766,4.546065473765532,-0.6912861545473259,Oliver et al. / Table 2
all,casey_T45_a30,Casey T45K a=3.0,45,3.0,15,123.22558115038021,8.215038743358681,-0.7131882525549982,Oliver et al. / Table 2
250,casey_T25_a15,Casey T25K a=1.5,25,1.5,17,148.00678601940524,8.70628153055325,-0.3124222889278434,Pearson et al. / Table 3 SUSSEXtractor
350,casey_T25_a15,Casey T25K a=1.5,25,1.5,15,157.01343342966572,10.46756222864438,-0.17229467564976303,Pearson et al. / Table 3 SUSSEXtractor
500,casey_T25_a15,Casey T25K a=1.5,25,1.5,12,58.73966442272785,4.894972035227321,-0.12270285073835603,Pearson et al. / Table 3 SUSSEXtractor
all,casey_T25_a15,Casey T25K a=1.5,25,1.5,44,363.7598838717988,8.267270087995428,-0.17229467564976303,Pearson et al. / Table 3 SUSSEXtractor
250,casey_T25_a20,Casey T25K a=2.0,25,2.0,17,93.59356642039862,5.5055039070822716,-0.010450817834933956,Pearson et al. / Table 3 SUSSEXtractor
350,casey_T25_a20,Casey T25K a=2.0,25,2.0,15,121.77724385821979,8.11848292388132,0.03438697196183865,Pearson et al. / Table 3 SUSSEXtractor
500,casey_T25_a20,Casey T25K a=2.0,25,2.0,12,90.39047041162489,7.532539200968741,0.19672455229136207,Pearson et al. / Table 3 SUSSEXtractor
all,casey_T25_a20,Casey T25K a=2.0,25,2.0,44,305.7612806902433,6.949120015687348,0.03438697196183865,Pearson et al. / Table 3 SUSSEXtractor
250,casey_T25_a25,Casey T25K a=2.5,25,2.5,17,143.14320419599662,8.420188482117448,0.14165058135331854,Pearson et al. / Table 3 SUSSEXtractor
350,casey_T25_a25,Casey T25K a=2.5,25,2.5,15,179.07214642765487,11.938143095176992,0.1912831820447048,Pearson et al. / Table 3 SUSSEXtractor
500,casey_T25_a25,Casey T25K a=2.5,25,2.5,12,152.43370080628335,12.702808400523613,0.3957889787082898,Pearson et al. / Table 3 SUSSEXtractor
all,casey_T25_a25,Casey T25K a=2.5,25,2.5,44,474.64905142993484,10.787478441589428,0.1912831820447048,Pearson et al. / Table 3 SUSSEXtractor
250,casey_T25_a30,Casey T25K a=3.0,25,3.0,17,198.34596931718292,11.66740995983429,0.22751124098319642,Pearson et al. / Table 3 SUSSEXtractor
350,casey_T25_a30,Casey T25K a=3.0,25,3.0,15,235.6974010373579,15.713160069157194,0.31840945009509314,Pearson et al. / Table 3 SUSSEXtractor
500,casey_T25_a30,Casey T25K a=3.0,25,3.0,12,205.25859901204268,17.104883251003557,0.4949961032019229,Pearson et al. / Table 3 SUSSEXtractor
all,casey_T25_a30,Casey T25K a=3.0,25,3.0,44,639.3019693665835,14.529590212876899,0.31840945009509314,Pearson et al. / Table 3 SUSSEXtractor
250,casey_T30_a15,Casey T30K a=1.5,30,1.5,17,327.80554125581875,19.2826788974011,-0.4126038316666226,Pearson et al. / Table 3 SUSSEXtractor
350,casey_T30_a15,Casey T30K a=1.5,30,1.5,15,353.2536793685345,23.550245291235633,-0.524106840624764,Pearson et al. / Table 3 SUSSEXtractor
500,casey_T30_a15,Casey T30K a=1.5,30,1.5,12,163.35225784713225,13.612688153927687,-0.4775376326177574,Pearson et al. / Table 3 SUSSEXtractor
all,casey_T30_a15,Casey T30K a=1.5,30,1.5,44,844.4114784714855,19.191169965261032,-0.4775376326177574,Pearson et al. / Table 3 SUSSEXtractor
250,casey_T30_a20,Casey T30K a=2.0,30,2.0,17,151.15837330150336,8.891669017735492,-0.2875978608652725,Pearson et al. / Table 3 SUSSEXtractor
350,casey_T30_a20,Casey T30K a=2.0,30,2.0,15,175.76200490750915,11.717466993833943,-0.3465894228613877,Pearson et al. / Table 3 SUSSEXtractor
500,casey_T30_a20,Casey T30K a=2.0,30,2.0,12,83.03527725250217,6.919606437708514,-0.2702603930224394,Pearson et al. / Table 3 SUSSEXtractor
all,casey_T30_a20,Casey T30K a=2.0,30,2.0,44,409.95565546151465,9.317173987761697,-0.2875978608652725,Pearson et al. / Table 3 SUSSEXtractor
250,casey_T30_a25,Casey T30K a=2.5,30,2.5,17,107.6740185693241,6.333765798195536,-0.10640758777755943,Pearson et al. / Table 3 SUSSEXtractor
350,casey_T30_a25,Casey T30K a=2.5,30,2.5,15,120.06954712028967,8.004636474685977,-0.14604949828965044,Pearson et al. / Table 3 SUSSEXtractor
500,casey_T30_a25,Casey T30K a=2.5,30,2.5,12,56.109651487811675,4.675804290650973,-0.13355494269167495,Pearson et al. / Table 3 SUSSEXtractor
all,casey_T30_a25,Casey T30K a=2.5,30,2.5,44,283.85321717742545,6.451209481305124,-0.13355494269167495,Pearson et al. / Table 3 SUSSEXtractor
250,casey_T30_a30,Casey T30K a=3.0,30,3.0,17,110.55188930906867,6.503052312298157,0.00038725404233130867,Pearson et al. / Table 3 SUSSEXtractor
350,casey_T30_a30,Casey T30K a=3.0,30,3.0,15,109.39381255964,7.2929208373093335,-0.003920787657572866,Pearson et al. / Table 3 SUSSEXtractor
500,casey_T30_a30,Casey T30K a=3.0,30,3.0,12,53.59829759647961,4.466524799706634,-0.050579861765031,Pearson et al. / Table 3 SUSSEXtractor
all,casey_T30_a30,Casey T30K a=3.0,30,3.0,44,273.5439994651883,6.216909078754279,-0.003920787657572866,Pearson et al. / Table 3 SUSSEXtractor
250,casey_T35_a15,Casey T35K a=1.5,35,1.5,17,585.6344846552295,34.449087332660554,-0.7774216725615909,Pearson et al. / Table 3 SUSSEXtractor
350,casey_T35_a15,Casey T35K a=1.5,35,1.5,15,628.7491510865436,41.91661007243624,-0.8473213617977662,Pearson et al. / Table 3 SUSSEXtractor
500,casey_T35_a15,Casey T35K a=1.5,35,1.5,12,321.31501435030543,26.776251195858787,-0.8769354721292115,Pearson et al. / Table 3 SUSSEXtractor
all,casey_T35_a15,Casey T35K a=1.5,35,1.5,44,1535.6986500920784,34.90224204754724,-0.8473213617977662,Pearson et al. / Table 3 SUSSEXtractor
250,casey_T35_a20,Casey T35K a=2.0,35,2.0,17,315.32568472841103,18.548569689906532,-0.5186319638279657,Pearson et al. / Table 3 SUSSEXtractor
350,casey_T35_a20,Casey T35K a=2.0,35,2.0,15,416.64041835759747,27.776027890506498,-0.5964200120717711,Pearson et al. / Table 3 SUSSEXtractor
500,casey_T35_a20,Casey T35K a=2.0,35,2.0,12,238.70686875212132,19.892239062676776,-0.698864515039598,Pearson et al. / Table 3 SUSSEXtractor
all,casey_T35_a20,Casey T35K a=2.0,35,2.0,44,970.6729718381298,22.060749359957494,-0.5964200120717711,Pearson et al. / Table 3 SUSSEXtractor
250,casey_T35_a25,Casey T35K a=2.5,35,2.5,17,193.6121917263168,11.388952454489225,-0.36775615871889067,Pearson et al. / Table 3 SUSSEXtractor
350,casey_T35_a25,Casey T35K a=2.5,35,2.5,15,274.9595367052602,18.33063578035068,-0.4709525576694193,Pearson et al. / Table 3 SUSSEXtractor
500,casey_T35_a25,Casey T35K a=2.5,35,2.5,12,168.73351049515233,14.061125874596028,-0.48764156381673074,Pearson et al. / Table 3 SUSSEXtractor
all,casey_T35_a25,Casey T35K a=2.5,35,2.5,44,637.3052389267293,14.484209975607484,-0.4709525576694193,Pearson et al. / Table 3 SUSSEXtractor
250,casey_T35_a30,Casey T35K a=3.0,35,3.0,17,145.29236432256494,8.546609666033232,-0.2791408300642786,Pearson et al. / Table 3 SUSSEXtractor
350,casey_T35_a30,Casey T35K a=3.0,35,3.0,15,209.42510771338988,13.961673847559325,-0.3886101233285989,Pearson et al. / Table 3 SUSSEXtractor
500,casey_T35_a30,Casey T35K a=3.0,35,3.0,12,141.3273698692013,11.777280822433442,-0.4476933139143875,Pearson et al. / Table 3 SUSSEXtractor
all,casey_T35_a30,Casey T35K a=3.0,35,3.0,44,496.0448419051561,11.273746406935366,-0.3886101233285989,Pearson et al. / Table 3 SUSSEXtractor
250,casey_T40_a15,Casey T40K a=1.5,40,1.5,17,878.4689831590555,51.67464606817973,-1.0082405535834105,Pearson et al. / Table 3 SUSSEXtractor
350,casey_T40_a15,Casey T40K a=1.5,40,1.5,15,870.7481117351049,58.04987411567366,-1.114095231127863,Pearson et al. / Table 3 SUSSEXtractor
500,casey_T40_a15,Casey T40K a=1.5,40,1.5,12,425.9757957704874,35.49798298087395,-1.3105362868473358,Pearson et al. / Table 3 SUSSEXtractor
all,casey_T40_a15,Casey T40K a=1.5,40,1.5,44,2175.1928906646476,49.43620206056017,-1.114095231127863,Pearson et al. / Table 3 SUSSEXtractor
250,casey_T40_a20,Casey T40K a=2.0,40,2.0,17,581.1392891794079,34.184664069376936,-0.7758648417972782,Pearson et al. / Table 3 SUSSEXtractor
350,casey_T40_a20,Casey T40K a=2.0,40,2.0,15,695.1808219275944,46.34538812850629,-0.9493117406152565,Pearson et al. / Table 3 SUSSEXtractor
500,casey_T40_a20,Casey T40K a=2.0,40,2.0,12,385.09141965611167,32.09095163800931,-1.1522568811354479,Pearson et al. / Table 3 SUSSEXtractor
all,casey_T40_a20,Casey T40K a=2.0,40,2.0,44,1661.411530763114,37.75935297188895,-0.9493117406152565,Pearson et al. / Table 3 SUSSEXtractor
250,casey_T40_a25,Casey T40K a=2.5,40,2.5,17,401.1029533595552,23.594291374091483,-0.6375594083052061,Pearson et al. / Table 3 SUSSEXtractor
350,casey_T40_a25,Casey T40K a=2.5,40,2.5,15,567.4589790174452,37.83059860116302,-0.7184388553840911,Pearson et al. / Table 3 SUSSEXtractor
500,casey_T40_a25,Casey T40K a=2.5,40,2.5,12,330.9189479149358,27.57657899291132,-0.8890938313666104,Pearson et al. / Table 3 SUSSEXtractor
all,casey_T40_a25,Casey T40K a=2.5,40,2.5,44,1299.4808802919363,29.533656370271277,-0.7184388553840911,Pearson et al. / Table 3 SUSSEXtractor
250,casey_T40_a30,Casey T40K a=3.0,40,3.0,17,310.3574977916943,18.25632339951143,-0.5529626676013282,Pearson et al. / Table 3 SUSSEXtractor
350,casey_T40_a30,Casey T40K a=3.0,40,3.0,15,477.64755288715753,31.843170192477167,-0.6273346545776205,Pearson et al. / Table 3 SUSSEXtractor
500,casey_T40_a30,Casey T40K a=3.0,40,3.0,12,294.1963231137942,24.516360259482852,-0.81944696572979,Pearson et al. / Table 3 SUSSEXtractor
all,casey_T40_a30,Casey T40K a=3.0,40,3.0,44,1082.201373792646,24.595485768014683,-0.6273346545776205,Pearson et al. / Table 3 SUSSEXtractor
250,casey_T45_a15,Casey T45K a=1.5,45,1.5,17,1153.0415647845075,67.82597439908868,-1.1142571091498,Pearson et al. / Table 3 SUSSEXtractor
350,casey_T45_a15,Casey T45K a=1.5,45,1.5,15,1018.6724844631188,67.91149896420792,-1.378429074445077,Pearson et al. / Table 3 SUSSEXtractor
500,casey_T45_a15,Casey T45K a=1.5,45,1.5,12,453.1723472698402,37.764362272486686,-1.5050350189719612,Pearson et al. / Table 3 SUSSEXtractor
all,casey_T45_a15,Casey T45K a=1.5,45,1.5,44,2624.886396517467,59.65650901176061,-1.378429074445077,Pearson et al. / Table 3 SUSSEXtractor
250,casey_T45_a20,Casey T45K a=2.0,45,2.0,17,872.1098980844256,51.300582240260326,-1.0483282827059708,Pearson et al. / Table 3 SUSSEXtractor
350,casey_T45_a20,Casey T45K a=2.0,45,2.0,15,919.4165862295105,61.29443908196736,-1.1896401050209862,Pearson et al. / Table 3 SUSSEXtractor
500,casey_T45_a20,Casey T45K a=2.0,45,2.0,12,444.888246602256,37.074020550188,-1.4199852879027879,Pearson et al. / Table 3 SUSSEXtractor
all,casey_T45_a20,Casey T45K a=2.0,45,2.0,44,2236.414730916192,50.827607520822546,-1.1896401050209862,Pearson et al. / Table 3 SUSSEXtractor
250,casey_T45_a25,Casey T45K a=2.5,45,2.5,17,710.348589340961,41.785211137703584,-0.8627961496323107,Pearson et al. / Table 3 SUSSEXtractor
350,casey_T45_a25,Casey T45K a=2.5,45,2.5,15,827.5968210860651,55.173121405737675,-1.1072035934736415,Pearson et al. / Table 3 SUSSEXtractor
500,casey_T45_a25,Casey T45K a=2.5,45,2.5,12,427.86435702033305,35.65536308502775,-1.3330485005055486,Pearson et al. / Table 3 SUSSEXtractor
all,casey_T45_a25,Casey T45K a=2.5,45,2.5,44,1965.8097674473593,44.67749471471271,-1.1072035934736415,Pearson et al. / Table 3 SUSSEXtractor
250,casey_T45_a30,Casey T45K a=3.0,45,3.0,17,588.1274870793925,34.59573453408191,-0.7780395669459919,Pearson et al. / Table 3 SUSSEXtractor
350,casey_T45_a30,Casey T45K a=3.0,45,3.0,15,749.8190310724555,49.98793540483037,-0.9701397732135986,Pearson et al. / Table 3 SUSSEXtractor
500,casey_T45_a30,Casey T45K a=3.0,45,3.0,12,418.0908680953528,34.840905674612735,-1.2260830348630412,Pearson et al. / Table 3 SUSSEXtractor
all,casey_T45_a30,Casey T45K a=3.0,45,3.0,44,1756.0373862472009,39.90994059652729,-0.9701397732135986,Pearson et al. / Table 3 SUSSEXtractor
250,casey_T25_a15,Casey T25K a=1.5,25,1.5,12,46.273703807974385,3.8561419839978655,-0.27493549958910635,Pearson et al. / Table 4 XID
350,casey_T25_a15,Casey T25K a=1.5,25,1.5,10,37.65342533487015,3.765342533487015,-0.26981399345268575,Pearson et al. / Table 4 XID
500,casey_T25_a15,Casey T25K a=1.5,25,1.5,7,13.555820907917418,1.9365458439882026,-0.17937229507542388,Pearson et al. / Table 4 XID
all,casey_T25_a15,Casey T25K a=1.5,25,1.5,29,97.48295005076196,3.361481036233171,-0.26981399345268575,Pearson et al. / Table 4 XID
250,casey_T25_a20,Casey T25K a=2.0,25,2.0,12,12.339515492032104,1.028292957669342,-0.03258509134104004,Pearson et al. / Table 4 XID
350,casey_T25_a20,Casey T25K a=2.0,25,2.0,10,21.309643263087885,2.1309643263087885,-0.0015959846631798946,Pearson et al. / Table 4 XID
500,casey_T25_a20,Casey T25K a=2.0,25,2.0,7,9.706161911319747,1.3865945587599637,0.10814274736154816,Pearson et al. / Table 4 XID
all,casey_T25_a20,Casey T25K a=2.0,25,2.0,29,43.35532066643974,1.4950110574634392,-0.0015959846631798946,Pearson et al. / Table 4 XID
250,casey_T25_a25,Casey T25K a=2.5,25,2.5,12,23.537271913097868,1.961439326091489,0.12523279994726488,Pearson et al. / Table 4 XID
350,casey_T25_a25,Casey T25K a=2.5,25,2.5,10,43.677958293068535,4.3677958293068535,0.17228983685183635,Pearson et al. / Table 4 XID
500,casey_T25_a25,Casey T25K a=2.5,25,2.5,7,26.373565246442368,3.7676521780631953,0.24606416735678538,Pearson et al. / Table 4 XID
all,casey_T25_a25,Casey T25K a=2.5,25,2.5,29,93.58879545260878,3.2271998431934064,0.17228983685183635,Pearson et al. / Table 4 XID
250,casey_T25_a30,Casey T25K a=3.0,25,3.0,12,39.14069229942106,3.2617243582850883,0.21248559384063131,Pearson et al. / Table 4 XID
350,casey_T25_a30,Casey T25K a=3.0,25,3.0,10,64.56792468754712,6.456792468754712,0.2613595831713532,Pearson et al. / Table 4 XID
500,casey_T25_a30,Casey T25K a=3.0,25,3.0,7,41.132128212730436,5.876018316104348,0.3152474174583607,Pearson et al. / Table 4 XID
all,casey_T25_a30,Casey T25K a=3.0,25,3.0,29,144.84074519969863,4.994508455162022,0.2613595831713532,Pearson et al. / Table 4 XID
250,casey_T30_a15,Casey T30K a=1.5,30,1.5,12,135.40773186693676,11.283977655578063,-0.5291119533701829,Pearson et al. / Table 4 XID
350,casey_T30_a15,Casey T30K a=1.5,30,1.5,10,151.15576427225332,15.115576427225331,-0.6306537425370667,Pearson et al. / Table 4 XID
500,casey_T30_a15,Casey T30K a=1.5,30,1.5,7,113.48534858902607,16.212192655575155,-0.6256288532884575,Pearson et al. / Table 4 XID
all,casey_T30_a15,Casey T30K a=1.5,30,1.5,29,400.0488447282162,13.794787749248833,-0.6256288532884575,Pearson et al. / Table 4 XID
250,casey_T30_a20,Casey T30K a=2.0,30,2.0,12,39.98778706503087,3.332315588752573,-0.26520893180044836,Pearson et al. / Table 4 XID
350,casey_T30_a20,Casey T30K a=2.0,30,2.0,10,49.480003391614176,4.948000339161418,-0.3381974465360531,Pearson et al. / Table 4 XID
500,casey_T30_a20,Casey T30K a=2.0,30,2.0,7,45.3520250128073,6.478860716115329,-0.34231354545853687,Pearson et al. / Table 4 XID
all,casey_T30_a20,Casey T30K a=2.0,30,2.0,29,134.81981546945235,4.648959154119047,-0.3381974465360531,Pearson et al. / Table 4 XID
250,casey_T30_a25,Casey T30K a=2.5,30,2.5,12,17.097925592701596,1.424827132725133,-0.09180962992441799,Pearson et al. / Table 4 XID
350,casey_T30_a25,Casey T30K a=2.5,30,2.5,10,22.58262104291569,2.258262104291569,-0.17919899315343613,Pearson et al. / Table 4 XID
500,casey_T30_a25,Casey T30K a=2.5,30,2.5,7,16.623912957851264,2.374844708264466,-0.18480647407411943,Pearson et al. / Table 4 XID
all,casey_T30_a25,Casey T30K a=2.5,30,2.5,29,56.30445959346855,1.94153308942995,-0.17919899315343613,Pearson et al. / Table 4 XID
250,casey_T30_a30,Casey T30K a=3.0,30,3.0,12,15.592550993956646,1.2993792494963872,-0.036525999832574235,Pearson et al. / Table 4 XID
350,casey_T30_a30,Casey T30K a=3.0,30,3.0,10,17.79673956208819,1.779673956208819,-0.09686938138548923,Pearson et al. / Table 4 XID
500,casey_T30_a30,Casey T30K a=3.0,30,3.0,7,8.155207593869424,1.1650296562670606,-0.10927641617459675,Pearson et al. / Table 4 XID
all,casey_T30_a30,Casey T30K a=3.0,30,3.0,29,41.54449814991426,1.4325689017211813,-0.09686938138548923,Pearson et al. / Table 4 XID
250,casey_T35_a15,Casey T35K a=1.5,35,1.5,12,278.13395707281444,23.17782975606787,-0.7811909936860345,Pearson et al. / Table 4 XID
350,casey_T35_a15,Casey T35K a=1.5,35,1.5,10,348.80902635812373,34.880902635812376,-0.9314331086951839,Pearson et al. / Table 4 XID
500,casey_T35_a15,Casey T35K a=1.5,35,1.5,7,273.8489571064459,39.121279586635126,-1.1317367586883578,Pearson et al. / Table 4 XID
all,casey_T35_a15,Casey T35K a=1.5,35,1.5,29,900.7919405373841,31.061791053013245,-0.9314331086951839,Pearson et al. / Table 4 XID
250,casey_T35_a20,Casey T35K a=2.0,35,2.0,12,128.32815126263077,10.69401260521923,-0.507524046123494,Pearson et al. / Table 4 XID
350,casey_T35_a20,Casey T35K a=2.0,35,2.0,10,192.33292369330348,19.23329236933035,-0.7091759640200658,Pearson et al. / Table 4 XID
500,casey_T35_a20,Casey T35K a=2.0,35,2.0,7,184.6546808652015,26.379240123600216,-0.8367678903652873,Pearson et al. / Table 4 XID
all,casey_T35_a20,Casey T35K a=2.0,35,2.0,29,505.3157558211358,17.42468123521158,-0.7091759640200658,Pearson et al. / Table 4 XID
250,casey_T35_a25,Casey T35K a=2.5,35,2.5,12,63.38581030620092,5.282150858850077,-0.35085029039240856,Pearson et al. / Table 4 XID
350,casey_T35_a25,Casey T35K a=2.5,35,2.5,10,109.7921640938498,10.97921640938498,-0.5355773039288068,Pearson et al. / Table 4 XID
500,casey_T35_a25,Casey T35K a=2.5,35,2.5,7,122.65089893061372,17.521556990087674,-0.6518998339176886,Pearson et al. / Table 4 XID
all,casey_T35_a25,Casey T35K a=2.5,35,2.5,29,295.82887333066446,10.200995632091878,-0.5355773039288068,Pearson et al. / Table 4 XID
250,casey_T35_a30,Casey T35K a=3.0,35,3.0,12,38.91236605245979,3.2426971710383157,-0.25566871879277003,Pearson et al. / Table 4 XID
350,casey_T35_a30,Casey T35K a=3.0,35,3.0,10,73.62049688190338,7.3620496881903374,-0.4467884274685948,Pearson et al. / Table 4 XID
500,casey_T35_a30,Casey T35K a=3.0,35,3.0,7,94.17639383991343,13.453770548559062,-0.5380379197962196,Pearson et al. / Table 4 XID
all,casey_T35_a30,Casey T35K a=3.0,35,3.0,29,206.70925677427658,7.127905406009537,-0.4467884274685948,Pearson et al. / Table 4 XID
250,casey_T40_a15,Casey T40K a=1.5,40,1.5,12,464.3198877113536,38.693323975946136,-1.0214685161237864,Pearson et al. / Table 4 XID
350,casey_T40_a15,Casey T40K a=1.5,40,1.5,10,592.2767499426845,59.227674994268455,-1.2812289470002218,Pearson et al. / Table 4 XID
500,casey_T40_a15,Casey T40K a=1.5,40,1.5,7,426.8149909446073,60.9735701349439,-1.515448380355531,Pearson et al. / Table 4 XID
all,casey_T40_a15,Casey T40K a=1.5,40,1.5,29,1483.4116285986456,51.15212512409123,-1.2812289470002218,Pearson et al. / Table 4 XID
250,casey_T40_a20,Casey T40K a=2.0,40,2.0,12,276.0943482246137,23.007862352051145,-0.7439053234471781,Pearson et al. / Table 4 XID
350,casey_T40_a20,Casey T40K a=2.0,40,2.0,10,408.3597144576404,40.83597144576404,-1.0100122044663566,Pearson et al. / Table 4 XID
500,casey_T40_a20,Casey T40K a=2.0,40,2.0,7,357.5748172411364,51.08211674873377,-1.3002635236823823,Pearson et al. / Table 4 XID
all,casey_T40_a20,Casey T40K a=2.0,40,2.0,29,1042.0288799233904,35.932030342185875,-1.0100122044663566,Pearson et al. / Table 4 XID
250,casey_T40_a25,Casey T40K a=2.5,40,2.5,12,177.50179016583868,14.791815847153224,-0.6053718479186683,Pearson et al. / Table 4 XID
350,casey_T40_a25,Casey T40K a=2.5,40,2.5,10,304.54556254399574,30.454556254399574,-0.8583171876483855,Pearson et al. / Table 4 XID
500,casey_T40_a25,Casey T40K a=2.5,40,2.5,7,289.4154114383666,41.34505877690952,-1.1426268037448704,Pearson et al. / Table 4 XID
all,casey_T40_a25,Casey T40K a=2.5,40,2.5,29,771.462764148201,26.60216428097245,-0.8583171876483855,Pearson et al. / Table 4 XID
250,casey_T40_a30,Casey T40K a=3.0,40,3.0,12,126.57654944449918,10.548045787041598,-0.5362435002325241,Pearson et al. / Table 4 XID
350,casey_T40_a30,Casey T40K a=3.0,40,3.0,10,239.54536002901304,23.954536002901303,-0.7619376475846877,Pearson et al. / Table 4 XID
500,casey_T40_a30,Casey T40K a=3.0,40,3.0,7,242.92295838241228,34.70327976891604,-1.0126172299980194,Pearson et al. / Table 4 XID
all,casey_T40_a30,Casey T40K a=3.0,40,3.0,29,609.0448678559245,21.001547167445672,-0.7619376475846877,Pearson et al. / Table 4 XID
250,casey_T45_a15,Casey T45K a=1.5,45,1.5,12,669.3838318664555,55.78198598887129,-1.1383780373334083,Pearson et al. / Table 4 XID
350,casey_T45_a15,Casey T45K a=1.5,45,1.5,10,789.5234327886147,78.95234327886148,-1.6551759620266018,Pearson et al. / Table 4 XID
500,casey_T45_a15,Casey T45K a=1.5,45,1.5,7,458.11498923336,65.44499846190857,-1.7123271971995948,Pearson et al. / Table 4 XID
all,casey_T45_a15,Casey T45K a=1.5,45,1.5,29,1917.0222538884304,66.10421565132519,-1.6551759620266018,Pearson et al. / Table 4 XID
250,casey_T45_a20,Casey T45K a=2.0,45,2.0,12,467.7205933632129,38.97671611360108,-1.0012746893838589,Pearson et al. / Table 4 XID
350,casey_T45_a20,Casey T45K a=2.0,45,2.0,10,662.6313787642135,66.26313787642135,-1.3562850807022464,Pearson et al. / Table 4 XID
500,casey_T45_a20,Casey T45K a=2.0,45,2.0,7,457.831412545894,65.4044875065563,-1.7338282890814833,Pearson et al. / Table 4 XID
all,casey_T45_a20,Casey T45K a=2.0,45,2.0,29,1588.1833846733205,54.764944299080014,-1.3562850807022464,Pearson et al. / Table 4 XID
250,casey_T45_a25,Casey T45K a=2.5,45,2.5,12,356.4815582585133,29.706796521542774,-0.8481800700789968,Pearson et al. / Table 4 XID
350,casey_T45_a25,Casey T45K a=2.5,45,2.5,10,543.4715054349856,54.34715054349856,-1.2030957847418684,Pearson et al. / Table 4 XID
500,casey_T45_a25,Casey T45K a=2.5,45,2.5,7,430.3196536594031,61.47423623705759,-1.5299563597737564,Pearson et al. / Table 4 XID
all,casey_T45_a25,Casey T45K a=2.5,45,2.5,29,1330.272717352902,45.871473012169034,-1.2030957847418684,Pearson et al. / Table 4 XID
250,casey_T45_a30,Casey T45K a=3.0,45,3.0,12,282.42270467335163,23.53522538944597,-0.7629168428658644,Pearson et al. / Table 4 XID
350,casey_T45_a30,Casey T45K a=3.0,45,3.0,10,473.05037102394755,47.305037102394756,-1.0669282849174557,Pearson et al. / Table 4 XID
500,casey_T45_a30,Casey T45K a=3.0,45,3.0,7,408.01107039366326,58.28729577052332,-1.4224618129515512,Pearson et al. / Table 4 XID
all,casey_T45_a30,Casey T45K a=3.0,45,3.0,29,1163.4841460909624,40.12014296865388,-1.0669282849174557,Pearson et al. / Table 4 XID
250,casey_T25_a15,Casey T25K a=1.5,25,1.5,5,9.587552688806987,1.9175105377613975,-0.09973524154052882,Varnish et al. / Table 4 P(D) best-fit spline
350,casey_T25_a15,Casey T25K a=1.5,25,1.5,5,13.447786558955494,2.689557311791099,-0.054177113334439864,Varnish et al. / Table 4 P(D) best-fit spline
500,casey_T25_a15,Casey T25K a=1.5,25,1.5,5,14.639950925124714,2.927990185024943,0.07467589773801042,Varnish et al. / Table 4 P(D) best-fit spline
all,casey_T25_a15,Casey T25K a=1.5,25,1.5,15,37.675290172887195,2.511686011525813,-0.054177113334439864,Varnish et al. / Table 4 P(D) best-fit spline
250,casey_T25_a20,Casey T25K a=2.0,25,2.0,5,4.990263927785632,0.9980527855571264,0.04229552955854998,Varnish et al. / Table 4 P(D) best-fit spline
350,casey_T25_a20,Casey T25K a=2.0,25,2.0,5,44.686433298006136,8.937286659601227,0.15628706631863837,Varnish et al. / Table 4 P(D) best-fit spline
500,casey_T25_a20,Casey T25K a=2.0,25,2.0,5,79.42245265491013,15.884490530982026,0.4556713921732175,Varnish et al. / Table 4 P(D) best-fit spline
all,casey_T25_a20,Casey T25K a=2.0,25,2.0,15,129.0991498807019,8.606609992046794,0.15628706631863837,Varnish et al. / Table 4 P(D) best-fit spline
250,casey_T25_a25,Casey T25K a=2.5,25,2.5,5,16.1792713802295,3.2358542760459,0.21335731501761968,Varnish et al. / Table 4 P(D) best-fit spline
350,casey_T25_a25,Casey T25K a=2.5,25,2.5,5,69.79593362097222,13.959186724194444,0.33646255407886483,Varnish et al. / Table 4 P(D) best-fit spline
500,casey_T25_a25,Casey T25K a=2.5,25,2.5,5,98.20234002129635,19.64046800425927,0.651541074963415,Varnish et al. / Table 4 P(D) best-fit spline
all,casey_T25_a25,Casey T25K a=2.5,25,2.5,15,184.17754502249807,12.278503001499871,0.33646255407886483,Varnish et al. / Table 4 P(D) best-fit spline
250,casey_T25_a30,Casey T25K a=3.0,25,3.0,5,27.875668671832194,5.575133734366439,0.33771410376229694,Varnish et al. / Table 4 P(D) best-fit spline
350,casey_T25_a30,Casey T25K a=3.0,25,3.0,5,105.80570934775875,21.16114186955175,0.46206522786568793,Varnish et al. / Table 4 P(D) best-fit spline
500,casey_T25_a30,Casey T25K a=3.0,25,3.0,5,139.10594750805026,27.821189501610053,0.7740869408997657,Varnish et al. / Table 4 P(D) best-fit spline
all,casey_T25_a30,Casey T25K a=3.0,25,3.0,15,272.7873255276412,18.185821701842748,0.46206522786568793,Varnish et al. / Table 4 P(D) best-fit spline
250,casey_T30_a15,Casey T30K a=1.5,30,1.5,5,39.41568196991226,7.8831363939824515,-0.2709187298183624,Varnish et al. / Table 4 P(D) best-fit spline
350,casey_T30_a15,Casey T30K a=1.5,30,1.5,5,28.607997152757715,5.721599430551543,-0.311675528949338,Varnish et al. / Table 4 P(D) best-fit spline
500,casey_T30_a15,Casey T30K a=1.5,30,1.5,5,32.11002182107174,6.422004364214348,-0.2944971910784716,Varnish et al. / Table 4 P(D) best-fit spline
all,casey_T30_a15,Casey T30K a=1.5,30,1.5,15,100.13370094374172,6.675580062916114,-0.2944971910784716,Varnish et al. / Table 4 P(D) best-fit spline
250,casey_T30_a20,Casey T30K a=2.0,30,2.0,5,7.289061234941439,1.4578122469882877,-0.049983745028122195,Varnish et al. / Table 4 P(D) best-fit spline
350,casey_T30_a20,Casey T30K a=2.0,30,2.0,5,15.618832143062518,3.1237664286125035,-0.1119029757454939,Varnish et al. / Table 4 P(D) best-fit spline
500,casey_T30_a20,Casey T30K a=2.0,30,2.0,5,21.5620765254456,4.31241530508912,-0.13900257317209896,Varnish et al. / Table 4 P(D) best-fit spline
all,casey_T30_a20,Casey T30K a=2.0,30,2.0,15,44.46996990344955,2.96466466022997,-0.1119029757454939,Varnish et al. / Table 4 P(D) best-fit spline
250,casey_T30_a25,Casey T30K a=2.5,30,2.5,5,4.547552283216246,0.9095104566432491,-0.022931673875449365,Varnish et al. / Table 4 P(D) best-fit spline
350,casey_T30_a25,Casey T30K a=2.5,30,2.5,5,13.527628608643173,2.705525721728635,-0.006209275900171174,Varnish et al. / Table 4 P(D) best-fit spline
500,casey_T30_a25,Casey T30K a=2.5,30,2.5,5,14.691697609512428,2.9383395219024857,0.028227627764816243,Varnish et al. / Table 4 P(D) best-fit spline
all,casey_T30_a25,Casey T30K a=2.5,30,2.5,15,32.76687850137185,2.1844585667581233,-0.006209275900171174,Varnish et al. / Table 4 P(D) best-fit spline
250,casey_T30_a30,Casey T30K a=3.0,30,3.0,5,4.551426382810162,0.9102852765620325,0.081603536526482,Varnish et al. / Table 4 P(D) best-fit spline
350,casey_T30_a30,Casey T30K a=3.0,30,3.0,5,27.00917227762201,5.401834455524402,0.05238471595356042,Varnish et al. / Table 4 P(D) best-fit spline
500,casey_T30_a30,Casey T30K a=3.0,30,3.0,5,44.37874876066353,8.875749752132705,0.19232707219851006,Varnish et al. / Table 4 P(D) best-fit spline
all,casey_T30_a30,Casey T30K a=3.0,30,3.0,15,75.9393474210957,5.06262316140638,0.081603536526482,Varnish et al. / Table 4 P(D) best-fit spline
250,casey_T35_a15,Casey T35K a=1.5,35,1.5,5,79.29310837317858,15.858621674635717,-0.4782279362323931,Varnish et al. / Table 4 P(D) best-fit spline
350,casey_T35_a15,Casey T35K a=1.5,35,1.5,5,62.196761778301145,12.43935235566023,-0.6131539011165468,Varnish et al. / Table 4 P(D) best-fit spline
500,casey_T35_a15,Casey T35K a=1.5,35,1.5,5,84.4954587119469,16.89909174238938,-0.6362350990411639,Varnish et al. / Table 4 P(D) best-fit spline
all,casey_T35_a15,Casey T35K a=1.5,35,1.5,15,225.98532886342662,15.065688590895109,-0.6131539011165468,Varnish et al. / Table 4 P(D) best-fit spline
250,casey_T35_a20,Casey T35K a=2.0,35,2.0,5,38.4874581337302,7.69749162674604,-0.39525175566968757,Varnish et al. / Table 4 P(D) best-fit spline
350,casey_T35_a20,Casey T35K a=2.0,35,2.0,5,37.261396761167376,7.452279352233475,-0.3887556714965774,Varnish et al. / Table 4 P(D) best-fit spline
500,casey_T35_a20,Casey T35K a=2.0,35,2.0,5,49.08992767004518,9.817985534009036,-0.4370949066116053,Varnish et al. / Table 4 P(D) best-fit spline
all,casey_T35_a20,Casey T35K a=2.0,35,2.0,15,124.83878256494276,8.322585504329517,-0.39525175566968757,Varnish et al. / Table 4 P(D) best-fit spline
250,casey_T35_a25,Casey T35K a=2.5,35,2.5,5,15.53720722850464,3.107441445700928,-0.25658318119811896,Varnish et al. / Table 4 P(D) best-fit spline
350,casey_T35_a25,Casey T35K a=2.5,35,2.5,5,23.310316302142986,4.662063260428598,-0.26955749079357516,Varnish et al. / Table 4 P(D) best-fit spline
500,casey_T35_a25,Casey T35K a=2.5,35,2.5,5,40.76545014927659,8.153090029855317,-0.33695159337608405,Varnish et al. / Table 4 P(D) best-fit spline
all,casey_T35_a25,Casey T35K a=2.5,35,2.5,15,79.61297367992421,5.307531578661614,-0.26955749079357516,Varnish et al. / Table 4 P(D) best-fit spline
250,casey_T35_a30,Casey T35K a=3.0,35,3.0,5,8.177849528580891,1.6355699057161783,-0.16743716307402656,Varnish et al. / Table 4 P(D) best-fit spline
350,casey_T35_a30,Casey T35K a=3.0,35,3.0,5,17.80770200043814,3.5615404000876283,-0.20176845293522172,Varnish et al. / Table 4 P(D) best-fit spline
500,casey_T35_a30,Casey T35K a=3.0,35,3.0,5,20.939231881810933,4.187846376362186,-0.3352051033771827,Varnish et al. / Table 4 P(D) best-fit spline
all,casey_T35_a30,Casey T35K a=3.0,35,3.0,15,46.92478341082997,3.1283188940553313,-0.20176845293522172,Varnish et al. / Table 4 P(D) best-fit spline
250,casey_T40_a15,Casey T40K a=1.5,40,1.5,5,133.12589333344695,26.62517866668939,-0.5965211173039443,Varnish et al. / Table 4 P(D) best-fit spline
350,casey_T40_a15,Casey T40K a=1.5,40,1.5,5,101.64228948733727,20.32845789746745,-0.9183697195097282,Varnish et al. / Table 4 P(D) best-fit spline
500,casey_T40_a15,Casey T40K a=1.5,40,1.5,5,139.42483523549643,27.884967047099288,-0.8109059727537131,Varnish et al. / Table 4 P(D) best-fit spline
all,casey_T40_a15,Casey T40K a=1.5,40,1.5,15,374.1930180562806,24.94620120375204,-0.8109059727537131,Varnish et al. / Table 4 P(D) best-fit spline
250,casey_T40_a20,Casey T40K a=2.0,40,2.0,5,82.07406978810508,16.414813957621014,-0.40053686897348817,Varnish et al. / Table 4 P(D) best-fit spline
350,casey_T40_a20,Casey T40K a=2.0,40,2.0,5,73.32136798736988,14.664273597473976,-0.6973743568229482,Varnish et al. / Table 4 P(D) best-fit spline
500,casey_T40_a20,Casey T40K a=2.0,40,2.0,5,108.22098462073079,21.644196924146158,-0.8843660822588624,Varnish et al. / Table 4 P(D) best-fit spline
all,casey_T40_a20,Casey T40K a=2.0,40,2.0,15,263.61642239620573,17.57442815974705,-0.6973743568229482,Varnish et al. / Table 4 P(D) best-fit spline
250,casey_T40_a25,Casey T40K a=2.5,40,2.5,5,51.62801755354007,10.325603510708014,-0.47569292993087475,Varnish et al. / Table 4 P(D) best-fit spline
350,casey_T40_a25,Casey T40K a=2.5,40,2.5,5,57.24933920897268,11.449867841794536,-0.5628279724334356,Varnish et al. / Table 4 P(D) best-fit spline
500,casey_T40_a25,Casey T40K a=2.5,40,2.5,5,89.49573973985608,17.899147947971215,-0.6737675456731427,Varnish et al. / Table 4 P(D) best-fit spline
all,casey_T40_a25,Casey T40K a=2.5,40,2.5,15,198.3730965023688,13.22487310015792,-0.5628279724334356,Varnish et al. / Table 4 P(D) best-fit spline
250,casey_T40_a30,Casey T40K a=3.0,40,3.0,5,32.736940821316125,6.547388164263225,-0.27541445373880086,Varnish et al. / Table 4 P(D) best-fit spline
350,casey_T40_a30,Casey T40K a=3.0,40,3.0,5,47.6720851022236,9.53441702044472,-0.4816073120345987,Varnish et al. / Table 4 P(D) best-fit spline
500,casey_T40_a30,Casey T40K a=3.0,40,3.0,5,74.61817865822258,14.923635731644515,-0.6071226717022148,Varnish et al. / Table 4 P(D) best-fit spline
all,casey_T40_a30,Casey T40K a=3.0,40,3.0,15,155.0272045817623,10.335146972117487,-0.4816073120345987,Varnish et al. / Table 4 P(D) best-fit spline
250,casey_T45_a15,Casey T45K a=1.5,45,1.5,5,191.8200781933471,38.364015638669414,-0.8070608582912187,Varnish et al. / Table 4 P(D) best-fit spline
350,casey_T45_a15,Casey T45K a=1.5,45,1.5,5,142.81067770579318,28.562135541158636,-1.193753701485436,Varnish et al. / Table 4 P(D) best-fit spline
500,casey_T45_a15,Casey T45K a=1.5,45,1.5,4,180.79789386816608,45.19947346704152,-1.3171955847212211,Varnish et al. / Table 4 P(D) best-fit spline
all,casey_T45_a15,Casey T45K a=1.5,45,1.5,14,515.4286497673063,36.81633212623616,-1.193753701485436,Varnish et al. / Table 4 P(D) best-fit spline
250,casey_T45_a20,Casey T45K a=2.0,45,2.0,5,136.2453745617538,27.24907491235076,-0.612866135916939,Varnish et al. / Table 4 P(D) best-fit spline
350,casey_T45_a20,Casey T45K a=2.0,45,2.0,5,114.30169958579104,22.860339917158207,-1.0229997924494916,Varnish et al. / Table 4 P(D) best-fit spline
500,casey_T45_a20,Casey T45K a=2.0,45,2.0,4,160.88199234128246,40.220498085320614,-1.2765374119070376,Varnish et al. / Table 4 P(D) best-fit spline
all,casey_T45_a20,Casey T45K a=2.0,45,2.0,14,411.4290664888273,29.387790463487665,-1.0229997924494916,Varnish et al. / Table 4 P(D) best-fit spline
250,casey_T45_a25,Casey T45K a=2.5,45,2.5,5,106.62373641001874,21.32474728200375,-0.47986808904346917,Varnish et al. / Table 4 P(D) best-fit spline
350,casey_T45_a25,Casey T45K a=2.5,45,2.5,5,94.47841701884579,18.89568340376916,-0.8842627157929981,Varnish et al. / Table 4 P(D) best-fit spline
500,casey_T45_a25,Casey T45K a=2.5,45,2.5,5,142.7905506772698,28.558110135453962,-0.9183634513667489,Varnish et al. / Table 4 P(D) best-fit spline
all,casey_T45_a25,Casey T45K a=2.5,45,2.5,15,343.8927041061344,22.926180273742293,-0.8842627157929981,Varnish et al. / Table 4 P(D) best-fit spline
250,casey_T45_a30,Casey T45K a=3.0,45,3.0,5,86.09656776238621,17.219313552477242,-0.4782279362323931,Varnish et al. / Table 4 P(D) best-fit spline
350,casey_T45_a30,Casey T45K a=3.0,45,3.0,5,82.09032508282353,16.418065016564704,-0.7935496766627057,Varnish et al. / Table 4 P(D) best-fit spline
500,casey_T45_a30,Casey T45K a=3.0,45,3.0,5,130.22813509232898,26.045627018465797,-0.8109059727537131,Varnish et al. / Table 4 P(D) best-fit spline
all,casey_T45_a30,Casey T45K a=3.0,45,3.0,15,298.41502793753875,19.894335195835918,-0.7935496766627057,Varnish et al. / Table 4 P(D) best-fit spline
