band_um,model,model_label,N_points,chi2_log,reduced_chi2_log,median_log10_model_over_obs,rms_log10_model_over_obs,mean_abs_log10_model_over_obs,area_scenario,area_deg2,external_source,sky_field,survey_family,score_set
250,aless,ALESS,5,44.92390324942601,8.984780649885202,-0.6594089011829545,0.5845864550680856,0.5553264095310905,old_2deg2_counterfactual,2.0,Oliver HerMES SDP,HerMES SDP A2218+FLS+Lockman-North+Lockman-SWIRE+GOODS-N,HerMES,clean_independent
250,fsps_lirnorm,FSPS,5,1.8793109642920032,0.3758621928584006,0.038331711220122244,0.13176384067434962,0.09320344283340318,old_2deg2_counterfactual,2.0,Oliver HerMES SDP,HerMES SDP A2218+FLS+Lockman-North+Lockman-SWIRE+GOODS-N,HerMES,clean_independent
250,resthybrid25,25% ALESS,5,3.1563126689785483,0.6312625337957096,-0.09701368624391843,0.15485169888918743,0.14406425467944178,old_2deg2_counterfactual,2.0,Oliver HerMES SDP,HerMES SDP A2218+FLS+Lockman-North+Lockman-SWIRE+GOODS-N,HerMES,clean_independent
250,resthybrid50,50% ALESS,5,11.106014265138569,2.2212028530277137,-0.33705455752534474,0.2795566972236365,0.24633278228403305,old_2deg2_counterfactual,2.0,Oliver HerMES SDP,HerMES SDP A2218+FLS+Lockman-North+Lockman-SWIRE+GOODS-N,HerMES,clean_independent
250,resthybrid75,75% ALESS,5,27.350244332867522,5.470048866573505,-0.45477139632987434,0.4443718424291305,0.41374611890115914,old_2deg2_counterfactual,2.0,Oliver HerMES SDP,HerMES SDP A2218+FLS+Lockman-North+Lockman-SWIRE+GOODS-N,HerMES,clean_independent
250,wang_raw,Wang raw,4,27.782648082106952,6.945662020526738,-0.48911052135051636,0.6128381065433627,0.5358881456134736,old_2deg2_counterfactual,2.0,Oliver HerMES SDP,HerMES SDP A2218+FLS+Lockman-North+Lockman-SWIRE+GOODS-N,HerMES,clean_independent
350,aless,ALESS,5,26.967709948997076,5.393541989799415,-0.5462406689476135,0.5745784583094006,0.5562185014904352,old_2deg2_counterfactual,2.0,Oliver HerMES SDP,HerMES SDP A2218+FLS+Lockman-North+Lockman-SWIRE+GOODS-N,HerMES,clean_independent
350,fsps_lirnorm,FSPS,5,9.910481211539548,1.9820962423079096,0.22759239892977834,0.31878613801482525,0.26382591135802647,old_2deg2_counterfactual,2.0,Oliver HerMES SDP,HerMES SDP A2218+FLS+Lockman-North+Lockman-SWIRE+GOODS-N,HerMES,clean_independent
350,resthybrid25,25% ALESS,5,1.2887930927676248,0.25775861855352494,0.09476142243554031,0.1276034058310573,0.11799852864660502,old_2deg2_counterfactual,2.0,Oliver HerMES SDP,HerMES SDP A2218+FLS+Lockman-North+Lockman-SWIRE+GOODS-N,HerMES,clean_independent
350,resthybrid50,50% ALESS,5,6.330274439957048,1.2660548879914095,-0.09249767924526403,0.24915519598628133,0.21521424017737506,old_2deg2_counterfactual,2.0,Oliver HerMES SDP,HerMES SDP A2218+FLS+Lockman-North+Lockman-SWIRE+GOODS-N,HerMES,clean_independent
350,resthybrid75,75% ALESS,5,17.36794290084574,3.473588580169148,-0.3444882752094919,0.42815550220999465,0.4110429191058957,old_2deg2_counterfactual,2.0,Oliver HerMES SDP,HerMES SDP A2218+FLS+Lockman-North+Lockman-SWIRE+GOODS-N,HerMES,clean_independent
350,wang_raw,Wang raw,3,11.933122585063707,3.977707528354569,-0.45859437222180494,0.49823329347082146,0.43419230230901734,old_2deg2_counterfactual,2.0,Oliver HerMES SDP,HerMES SDP A2218+FLS+Lockman-North+Lockman-SWIRE+GOODS-N,HerMES,clean_independent
500,aless,ALESS,5,15.861947849345443,3.1723895698690887,-0.5616650199649513,0.6106134023415027,0.5706785331714167,old_2deg2_counterfactual,2.0,Oliver HerMES SDP,HerMES SDP A2218+FLS+Lockman-North+Lockman-SWIRE+GOODS-N,HerMES,clean_independent
500,fsps_lirnorm,FSPS,5,10.30753504803112,2.061507009606224,0.3240911543833842,0.5020383543954806,0.42853145870882,old_2deg2_counterfactual,2.0,Oliver HerMES SDP,HerMES SDP A2218+FLS+Lockman-North+Lockman-SWIRE+GOODS-N,HerMES,clean_independent
500,resthybrid25,25% ALESS,5,3.5389062058487495,0.7077812411697499,0.12576821202480057,0.32554228221271075,0.24220091954043488,old_2deg2_counterfactual,2.0,Oliver HerMES SDP,HerMES SDP A2218+FLS+Lockman-North+Lockman-SWIRE+GOODS-N,HerMES,clean_independent
500,resthybrid50,50% ALESS,5,5.841504570930942,1.1683009141861884,-0.03436426874770164,0.38465266580414287,0.288020319117034,old_2deg2_counterfactual,2.0,Oliver HerMES SDP,HerMES SDP A2218+FLS+Lockman-North+Lockman-SWIRE+GOODS-N,HerMES,clean_independent
500,resthybrid75,75% ALESS,5,7.908769045466874,1.581753809093375,-0.31744190369238917,0.4311174406001816,0.3878462779890895,old_2deg2_counterfactual,2.0,Oliver HerMES SDP,HerMES SDP A2218+FLS+Lockman-North+Lockman-SWIRE+GOODS-N,HerMES,clean_independent
500,wang_raw,Wang raw,2,6.129489562984053,3.0647447814920263,-0.4399513789083527,0.49368701855448077,0.4399513789083527,old_2deg2_counterfactual,2.0,Oliver HerMES SDP,HerMES SDP A2218+FLS+Lockman-North+Lockman-SWIRE+GOODS-N,HerMES,clean_independent
all,aless,ALESS,15,87.75356104776853,5.850237403184568,-0.5616650199649513,,,old_2deg2_counterfactual,2.0,Oliver HerMES SDP,HerMES SDP A2218+FLS+Lockman-North+Lockman-SWIRE+GOODS-N,HerMES,clean_independent
all,fsps_lirnorm,FSPS,15,22.09732722386267,1.4731551482575114,0.22759239892977834,,,old_2deg2_counterfactual,2.0,Oliver HerMES SDP,HerMES SDP A2218+FLS+Lockman-North+Lockman-SWIRE+GOODS-N,HerMES,clean_independent
all,resthybrid25,25% ALESS,15,7.984011967594923,0.5322674645063282,0.09476142243554031,,,old_2deg2_counterfactual,2.0,Oliver HerMES SDP,HerMES SDP A2218+FLS+Lockman-North+Lockman-SWIRE+GOODS-N,HerMES,clean_independent
all,resthybrid50,50% ALESS,15,23.277793276026557,1.5518528850684372,-0.09249767924526403,,,old_2deg2_counterfactual,2.0,Oliver HerMES SDP,HerMES SDP A2218+FLS+Lockman-North+Lockman-SWIRE+GOODS-N,HerMES,clean_independent
all,resthybrid75,75% ALESS,15,52.62695627918014,3.5084637519453428,-0.3444882752094919,,,old_2deg2_counterfactual,2.0,Oliver HerMES SDP,HerMES SDP A2218+FLS+Lockman-North+Lockman-SWIRE+GOODS-N,HerMES,clean_independent
all,wang_raw,Wang raw,9,45.845260230154715,5.093917803350524,-0.45859437222180494,,,old_2deg2_counterfactual,2.0,Oliver HerMES SDP,HerMES SDP A2218+FLS+Lockman-North+Lockman-SWIRE+GOODS-N,HerMES,clean_independent
250,aless,ALESS,12,228.88846087057064,19.074038405880888,-0.6728418637764306,0.68985931101014,0.6553025714716645,old_2deg2_counterfactual,2.0,Pearson Dark Field XID,SPIRE Dark Field near North Ecliptic Pole,SPIRE Dark Field,clean_independent
250,fsps_lirnorm,FSPS,12,18.064123134133308,1.5053435945111089,-0.1282408604775535,0.1571485742826995,0.13949620394656775,old_2deg2_counterfactual,2.0,Pearson Dark Field XID,SPIRE Dark Field near North Ecliptic Pole,SPIRE Dark Field,clean_independent
250,resthybrid25,25% ALESS,12,38.22356538220704,3.18529711518392,-0.231616243185166,0.2559960292584042,0.23058346629254792,old_2deg2_counterfactual,2.0,Pearson Dark Field XID,SPIRE Dark Field near North Ecliptic Pole,SPIRE Dark Field,clean_independent
250,resthybrid50,50% ALESS,12,78.91425968667644,6.576188307223037,-0.3548803281879268,0.38792680942985885,0.36616402443905,old_2deg2_counterfactual,2.0,Pearson Dark Field XID,SPIRE Dark Field near North Ecliptic Pole,SPIRE Dark Field,clean_independent
250,resthybrid75,75% ALESS,12,146.69538496999286,12.224615414166072,-0.524485869993383,0.5402587795276679,0.5115305285311195,old_2deg2_counterfactual,2.0,Pearson Dark Field XID,SPIRE Dark Field near North Ecliptic Pole,SPIRE Dark Field,clean_independent
250,wang_raw,Wang raw,12,126.60260680461779,10.550217233718149,-0.5097683563558001,0.6635796035678756,0.579672675813863,old_2deg2_counterfactual,2.0,Pearson Dark Field XID,SPIRE Dark Field near North Ecliptic Pole,SPIRE Dark Field,clean_independent
350,aless,ALESS,10,276.59604511930587,27.65960451193059,-0.8360484178979977,0.805021686381678,0.7694392574566681,old_2deg2_counterfactual,2.0,Pearson Dark Field XID,SPIRE Dark Field near North Ecliptic Pole,SPIRE Dark Field,clean_independent
350,fsps_lirnorm,FSPS,10,7.592114604883593,0.7592114604883593,-0.06868945069913102,0.1121869246981595,0.10132586582055425,old_2deg2_counterfactual,2.0,Pearson Dark Field XID,SPIRE Dark Field near North Ecliptic Pole,SPIRE Dark Field,clean_independent
350,resthybrid25,25% ALESS,10,23.266029876260927,2.3266029876260927,-0.20959433038589403,0.2321378727547256,0.20647464246154118,old_2deg2_counterfactual,2.0,Pearson Dark Field XID,SPIRE Dark Field near North Ecliptic Pole,SPIRE Dark Field,clean_independent
350,resthybrid50,50% ALESS,10,72.22559716167653,7.222559716167654,-0.4036421425571808,0.4210833449250185,0.37142120970082587,old_2deg2_counterfactual,2.0,Pearson Dark Field XID,SPIRE Dark Field near North Ecliptic Pole,SPIRE Dark Field,clean_independent
350,resthybrid75,75% ALESS,10,165.15521447598837,16.515521447598836,-0.6299368831070578,0.6174965595036689,0.5734101864040436,old_2deg2_counterfactual,2.0,Pearson Dark Field XID,SPIRE Dark Field near North Ecliptic Pole,SPIRE Dark Field,clean_independent
350,wang_raw,Wang raw,10,111.78244610670511,11.178244610670511,-0.46126557847924843,0.5375549941557521,0.5053765334743917,old_2deg2_counterfactual,2.0,Pearson Dark Field XID,SPIRE Dark Field near North Ecliptic Pole,SPIRE Dark Field,clean_independent
500,aless,ALESS,7,209.47743403111315,29.92534771873045,-0.8552321672507401,0.9470713401657559,0.9211364236141149,old_2deg2_counterfactual,2.0,Pearson Dark Field XID,SPIRE Dark Field near North Ecliptic Pole,SPIRE Dark Field,clean_independent
500,fsps_lirnorm,FSPS,7,6.223564240636275,0.8890806058051821,0.04014124078720638,0.14971504770693383,0.12506679852181218,old_2deg2_counterfactual,2.0,Pearson Dark Field XID,SPIRE Dark Field near North Ecliptic Pole,SPIRE Dark Field,clean_independent
500,resthybrid25,25% ALESS,7,11.289261558814951,1.6127516512592788,-0.1553942335454663,0.24036230905155445,0.19616729117136114,old_2deg2_counterfactual,2.0,Pearson Dark Field XID,SPIRE Dark Field near North Ecliptic Pole,SPIRE Dark Field,clean_independent
500,resthybrid50,50% ALESS,7,44.74106806176259,6.39158115168037,-0.3283369555844263,0.44667156417783704,0.3986564231984268,old_2deg2_counterfactual,2.0,Pearson Dark Field XID,SPIRE Dark Field near North Ecliptic Pole,SPIRE Dark Field,clean_independent
500,resthybrid75,75% ALESS,7,113.12567085206143,16.160810121723063,-0.6036580547689976,0.6836616424398426,0.6539741167500503,old_2deg2_counterfactual,2.0,Pearson Dark Field XID,SPIRE Dark Field near North Ecliptic Pole,SPIRE Dark Field,clean_independent
500,wang_raw,Wang raw,7,92.45314208797636,13.207591726853765,-0.526194707377152,0.6585826861174348,0.6067340998315086,old_2deg2_counterfactual,2.0,Pearson Dark Field XID,SPIRE Dark Field near North Ecliptic Pole,SPIRE Dark Field,clean_independent
all,aless,ALESS,29,714.9619400209897,24.653860000723782,-0.8360484178979977,,,old_2deg2_counterfactual,2.0,Pearson Dark Field XID,SPIRE Dark Field near North Ecliptic Pole,SPIRE Dark Field,clean_independent
all,fsps_lirnorm,FSPS,29,31.879801979653177,1.0993035165397647,-0.06868945069913102,,,old_2deg2_counterfactual,2.0,Pearson Dark Field XID,SPIRE Dark Field near North Ecliptic Pole,SPIRE Dark Field,clean_independent
all,resthybrid25,25% ALESS,29,72.77885681728293,2.509615752320101,-0.20959433038589403,,,old_2deg2_counterfactual,2.0,Pearson Dark Field XID,SPIRE Dark Field near North Ecliptic Pole,SPIRE Dark Field,clean_independent
all,resthybrid50,50% ALESS,29,195.88092491011554,6.75451465207295,-0.3548803281879268,,,old_2deg2_counterfactual,2.0,Pearson Dark Field XID,SPIRE Dark Field near North Ecliptic Pole,SPIRE Dark Field,clean_independent
all,resthybrid75,75% ALESS,29,424.97627029804266,14.654354148208368,-0.6036580547689976,,,old_2deg2_counterfactual,2.0,Pearson Dark Field XID,SPIRE Dark Field near North Ecliptic Pole,SPIRE Dark Field,clean_independent
all,wang_raw,Wang raw,29,330.8381949992993,11.408213620665492,-0.5097683563558001,,,old_2deg2_counterfactual,2.0,Pearson Dark Field XID,SPIRE Dark Field near North Ecliptic Pole,SPIRE Dark Field,clean_independent
250,aless,ALESS,13,380.0821843489242,29.2370911037634,-0.549435052995735,0.5732313262178271,0.5223062377420615,old_2deg2_counterfactual,2.0,Valiante H-ATLAS DR1,H-ATLAS DR1 GAMA9+GAMA12+GAMA15,H-ATLAS,clean_independent
250,fsps_lirnorm,FSPS,13,33.393843997101875,2.5687572305462982,0.07242504517785153,0.2024398875889571,0.17153355304872464,old_2deg2_counterfactual,2.0,Valiante H-ATLAS DR1,H-ATLAS DR1 GAMA9+GAMA12+GAMA15,H-ATLAS,clean_independent
250,resthybrid25,25% ALESS,13,48.79308628199765,3.753314329384435,-0.10679199040458229,0.30299732642630833,0.2209331862131516,old_2deg2_counterfactual,2.0,Valiante H-ATLAS DR1,H-ATLAS DR1 GAMA9+GAMA12+GAMA15,H-ATLAS,clean_independent
250,resthybrid50,50% ALESS,13,125.61245211932481,9.66249631687114,-0.3035099090184391,0.30449029081632206,0.25318662663038816,old_2deg2_counterfactual,2.0,Valiante H-ATLAS DR1,H-ATLAS DR1 GAMA9+GAMA12+GAMA15,H-ATLAS,clean_independent
250,resthybrid75,75% ALESS,13,256.2599014753016,19.712300113484737,-0.42755089944821156,0.4432788468945862,0.3886609597797906,old_2deg2_counterfactual,2.0,Valiante H-ATLAS DR1,H-ATLAS DR1 GAMA9+GAMA12+GAMA15,H-ATLAS,clean_independent
250,wang_raw,Wang raw,9,209.8239014645279,23.313766829391987,-0.5987852124868605,0.7304384060373559,0.6822470085746517,old_2deg2_counterfactual,2.0,Valiante H-ATLAS DR1,H-ATLAS DR1 GAMA9+GAMA12+GAMA15,H-ATLAS,clean_independent
350,aless,ALESS,13,328.08271781697135,25.237132139767027,-0.33024164833951747,0.5674927701984701,0.48059858756752366,old_2deg2_counterfactual,2.0,Valiante H-ATLAS DR1,H-ATLAS DR1 GAMA9+GAMA12+GAMA15,H-ATLAS,clean_independent
350,fsps_lirnorm,FSPS,13,102.31875064249174,7.870673126345518,0.28665258472873495,0.41037688549752044,0.32370739007020227,old_2deg2_counterfactual,2.0,Valiante H-ATLAS DR1,H-ATLAS DR1 GAMA9+GAMA12+GAMA15,H-ATLAS,clean_independent
350,resthybrid25,25% ALESS,13,57.217754941376825,4.4013657647212945,-0.021493162042272113,0.27596540208708165,0.22118109721714652,old_2deg2_counterfactual,2.0,Valiante H-ATLAS DR1,H-ATLAS DR1 GAMA9+GAMA12+GAMA15,H-ATLAS,clean_independent
350,resthybrid50,50% ALESS,13,124.31398827620298,9.562614482784845,0.08441627485297082,0.35294129299834986,0.3123922992140518,old_2deg2_counterfactual,2.0,Valiante H-ATLAS DR1,H-ATLAS DR1 GAMA9+GAMA12+GAMA15,H-ATLAS,clean_independent
350,resthybrid75,75% ALESS,13,245.45341427325587,18.88103186717353,-0.10275035956700085,0.48545304129014805,0.43407628440420076,old_2deg2_counterfactual,2.0,Valiante H-ATLAS DR1,H-ATLAS DR1 GAMA9+GAMA12+GAMA15,H-ATLAS,clean_independent
350,wang_raw,Wang raw,5,160.04674982759676,32.00934996551935,-0.6516748875226953,0.5786827998681786,0.5606588454184877,old_2deg2_counterfactual,2.0,Valiante H-ATLAS DR1,H-ATLAS DR1 GAMA9+GAMA12+GAMA15,H-ATLAS,clean_independent
500,aless,ALESS,13,211.91124750614657,16.300865192780506,-0.02052549465848763,0.6494501720554889,0.5661319831179121,old_2deg2_counterfactual,2.0,Valiante H-ATLAS DR1,H-ATLAS DR1 GAMA9+GAMA12+GAMA15,H-ATLAS,clean_independent
500,fsps_lirnorm,FSPS,13,163.3423812167531,12.564798555134853,0.6985161630057668,0.7202465624505507,0.606867733797822,old_2deg2_counterfactual,2.0,Valiante H-ATLAS DR1,H-ATLAS DR1 GAMA9+GAMA12+GAMA15,H-ATLAS,clean_independent
500,resthybrid25,25% ALESS,13,79.83442191783456,6.141109378294966,0.5293150408639327,0.544788873462786,0.481316308949859,old_2deg2_counterfactual,2.0,Valiante H-ATLAS DR1,H-ATLAS DR1 GAMA9+GAMA12+GAMA15,H-ATLAS,clean_independent
500,resthybrid50,50% ALESS,13,108.32045788347601,8.33234291411354,0.3807811022302162,0.5809398519685582,0.5368009533143963,old_2deg2_counterfactual,2.0,Valiante H-ATLAS DR1,H-ATLAS DR1 GAMA9+GAMA12+GAMA15,H-ATLAS,clean_independent
500,resthybrid75,75% ALESS,13,147.2947710588305,11.330367004525423,0.22547549456679306,0.5402696875325123,0.48092131706352487,old_2deg2_counterfactual,2.0,Valiante H-ATLAS DR1,H-ATLAS DR1 GAMA9+GAMA12+GAMA15,H-ATLAS,clean_independent
500,wang_raw,Wang raw,4,130.22473430762938,32.556183576907344,-0.7569858424992284,0.7458754360242165,0.728085540801187,old_2deg2_counterfactual,2.0,Valiante H-ATLAS DR1,H-ATLAS DR1 GAMA9+GAMA12+GAMA15,H-ATLAS,clean_independent
all,aless,ALESS,39,920.0761496720421,23.591696145436977,-0.33024164833951747,,,old_2deg2_counterfactual,2.0,Valiante H-ATLAS DR1,H-ATLAS DR1 GAMA9+GAMA12+GAMA15,H-ATLAS,clean_independent
all,fsps_lirnorm,FSPS,39,299.0549758563467,7.668076304008889,0.28665258472873495,,,old_2deg2_counterfactual,2.0,Valiante H-ATLAS DR1,H-ATLAS DR1 GAMA9+GAMA12+GAMA15,H-ATLAS,clean_independent
all,resthybrid25,25% ALESS,39,185.84526314120905,4.765263157466898,-0.021493162042272113,,,old_2deg2_counterfactual,2.0,Valiante H-ATLAS DR1,H-ATLAS DR1 GAMA9+GAMA12+GAMA15,H-ATLAS,clean_independent
all,resthybrid50,50% ALESS,39,358.2468982790038,9.185817904589841,0.08441627485297082,,,old_2deg2_counterfactual,2.0,Valiante H-ATLAS DR1,H-ATLAS DR1 GAMA9+GAMA12+GAMA15,H-ATLAS,clean_independent
all,resthybrid75,75% ALESS,39,649.0080868073879,16.64123299506123,-0.10275035956700085,,,old_2deg2_counterfactual,2.0,Valiante H-ATLAS DR1,H-ATLAS DR1 GAMA9+GAMA12+GAMA15,H-ATLAS,clean_independent
all,wang_raw,Wang raw,18,500.095385599754,27.78307697776411,-0.6252300500047778,,,old_2deg2_counterfactual,2.0,Valiante H-ATLAS DR1,H-ATLAS DR1 GAMA9+GAMA12+GAMA15,H-ATLAS,clean_independent
250,aless,ALESS,5,22.126875929208083,4.425375185841617,-0.4649097593413546,0.40441342637781175,0.3608272676894907,wang_farmer_1p278deg2,1.278,Oliver HerMES SDP,HerMES SDP A2218+FLS+Lockman-North+Lockman-SWIRE+GOODS-N,HerMES,clean_independent
250,fsps_lirnorm,FSPS,5,10.090590512138727,2.0181181024277453,0.23283085306172202,0.29318427129437535,0.27358789965497643,wang_farmer_1p278deg2,1.278,Oliver HerMES SDP,HerMES SDP A2218+FLS+Lockman-North+Lockman-SWIRE+GOODS-N,HerMES,clean_independent
250,resthybrid25,25% ALESS,5,3.91723010628795,0.78344602125759,0.09748545559768146,0.19411887887166637,0.13247618003531442,wang_farmer_1p278deg2,1.278,Oliver HerMES SDP,HerMES SDP A2218+FLS+Lockman-North+Lockman-SWIRE+GOODS-N,HerMES,clean_independent
250,resthybrid50,50% ALESS,5,2.5700165315814107,0.5140033063162821,-0.1425554156837449,0.14198180734273874,0.13104281265096301,wang_farmer_1p278deg2,1.278,Oliver HerMES SDP,HerMES SDP A2218+FLS+Lockman-North+Lockman-SWIRE+GOODS-N,HerMES,clean_independent
250,resthybrid75,75% ALESS,5,10.691550339176983,2.1383100678353966,-0.26027225448827457,0.2726714513619694,0.23102163986121488,wang_farmer_1p278deg2,1.278,Oliver HerMES SDP,HerMES SDP A2218+FLS+Lockman-North+Lockman-SWIRE+GOODS-N,HerMES,clean_independent
250,wang_raw,Wang raw,4,13.297975781198131,3.324493945299533,-0.2946113795089165,0.4527039784660157,0.35183051369835605,wang_farmer_1p278deg2,1.278,Oliver HerMES SDP,HerMES SDP A2218+FLS+Lockman-North+Lockman-SWIRE+GOODS-N,HerMES,clean_independent
350,aless,ALESS,5,13.334098482427526,2.666819696485505,-0.3517415271060137,0.3893613726317826,0.3617193596488354,wang_farmer_1p278deg2,1.278,Oliver HerMES SDP,HerMES SDP A2218+FLS+Lockman-North+Lockman-SWIRE+GOODS-N,HerMES,clean_independent
350,fsps_lirnorm,FSPS,5,22.732936746837243,4.5465873493674485,0.4220915407713782,0.49201864261118633,0.45832505319962635,wang_farmer_1p278deg2,1.278,Oliver HerMES SDP,HerMES SDP A2218+FLS+Lockman-North+Lockman-SWIRE+GOODS-N,HerMES,clean_independent
350,resthybrid25,25% ALESS,5,4.83630526055353,0.967261052110706,0.2892605642771401,0.26728942732777305,0.23905227570200277,wang_farmer_1p278deg2,1.278,Oliver HerMES SDP,HerMES SDP A2218+FLS+Lockman-North+Lockman-SWIRE+GOODS-N,HerMES,clean_independent
350,resthybrid50,50% ALESS,5,4.921447513891236,0.9842895027782472,0.1020014625963358,0.24831521089415837,0.19552550895726634,wang_farmer_1p278deg2,1.278,Oliver HerMES SDP,HerMES SDP A2218+FLS+Lockman-North+Lockman-SWIRE+GOODS-N,HerMES,clean_independent
350,resthybrid75,75% ALESS,5,11.260663596710074,2.252132719342015,-0.1499891333678921,0.34704437991083,0.29434343400093577,wang_farmer_1p278deg2,1.278,Oliver HerMES SDP,HerMES SDP A2218+FLS+Lockman-North+Lockman-SWIRE+GOODS-N,HerMES,clean_independent
350,wang_raw,Wang raw,3,5.180421180421658,1.7268070601405527,-0.2640952303802052,0.342295589386185,0.2870555759196716,wang_farmer_1p278deg2,1.278,Oliver HerMES SDP,HerMES SDP A2218+FLS+Lockman-North+Lockman-SWIRE+GOODS-N,HerMES,clean_independent
500,aless,ALESS,5,10.956758440298527,2.1913516880597053,-0.3671658781233516,0.5276383966774797,0.4539790480664568,wang_farmer_1p278deg2,1.278,Oliver HerMES SDP,HerMES SDP A2218+FLS+Lockman-North+Lockman-SWIRE+GOODS-N,HerMES,clean_independent
500,fsps_lirnorm,FSPS,5,19.109418588379125,3.821883717675825,0.5185902962249841,0.675699953680056,0.6230306005504198,wang_farmer_1p278deg2,1.278,Oliver HerMES SDP,HerMES SDP A2218+FLS+Lockman-North+Lockman-SWIRE+GOODS-N,HerMES,clean_independent
500,resthybrid25,25% ALESS,5,8.11192751629833,1.622385503259666,0.3202673538664004,0.4815495579088685,0.4209327451028984,wang_farmer_1p278deg2,1.278,Oliver HerMES SDP,HerMES SDP A2218+FLS+Lockman-North+Lockman-SWIRE+GOODS-N,HerMES,clean_independent
500,resthybrid50,50% ALESS,5,7.713256590001261,1.5426513180002521,0.16013487309389818,0.46739915256878584,0.3329262536920676,wang_farmer_1p278deg2,1.278,Oliver HerMES SDP,HerMES SDP A2218+FLS+Lockman-North+Lockman-SWIRE+GOODS-N,HerMES,clean_independent
500,resthybrid75,75% ALESS,5,5.427573750802502,1.0855147501605003,-0.12294276185078931,0.3971950501044706,0.3251909549755624,wang_farmer_1p278deg2,1.278,Oliver HerMES SDP,HerMES SDP A2218+FLS+Lockman-North+Lockman-SWIRE+GOODS-N,HerMES,clean_independent
500,wang_raw,Wang raw,2,2.9200583174601586,1.4600291587300793,-0.2454522370667529,0.33228971871986174,0.2454522370667529,wang_farmer_1p278deg2,1.278,Oliver HerMES SDP,HerMES SDP A2218+FLS+Lockman-North+Lockman-SWIRE+GOODS-N,HerMES,clean_independent
all,aless,ALESS,15,46.41773285193414,3.094515523462276,-0.3671658781233516,,,wang_farmer_1p278deg2,1.278,Oliver HerMES SDP,HerMES SDP A2218+FLS+Lockman-North+Lockman-SWIRE+GOODS-N,HerMES,clean_independent
all,fsps_lirnorm,FSPS,15,51.9329458473551,3.4621963898236734,0.4220915407713782,,,wang_farmer_1p278deg2,1.278,Oliver HerMES SDP,HerMES SDP A2218+FLS+Lockman-North+Lockman-SWIRE+GOODS-N,HerMES,clean_independent
all,resthybrid25,25% ALESS,15,16.86546288313981,1.1243641922093206,0.2892605642771401,,,wang_farmer_1p278deg2,1.278,Oliver HerMES SDP,HerMES SDP A2218+FLS+Lockman-North+Lockman-SWIRE+GOODS-N,HerMES,clean_independent
all,resthybrid50,50% ALESS,15,15.204720635473908,1.0136480423649272,0.1020014625963358,,,wang_farmer_1p278deg2,1.278,Oliver HerMES SDP,HerMES SDP A2218+FLS+Lockman-North+Lockman-SWIRE+GOODS-N,HerMES,clean_independent
all,resthybrid75,75% ALESS,15,27.37978768668956,1.8253191791126373,-0.1499891333678921,,,wang_farmer_1p278deg2,1.278,Oliver HerMES SDP,HerMES SDP A2218+FLS+Lockman-North+Lockman-SWIRE+GOODS-N,HerMES,clean_independent
all,wang_raw,Wang raw,9,21.398455279079947,2.377606142119994,-0.2640952303802052,,,wang_farmer_1p278deg2,1.278,Oliver HerMES SDP,HerMES SDP A2218+FLS+Lockman-North+Lockman-SWIRE+GOODS-N,HerMES,clean_independent
250,aless,ALESS,12,114.60060591694837,9.55005049307903,-0.47834272193483074,0.508747687531687,0.4608034296300647,wang_farmer_1p278deg2,1.278,Pearson Dark Field XID,SPIRE Dark Field near North Ecliptic Pole,SPIRE Dark Field,clean_independent
250,fsps_lirnorm,FSPS,12,7.66988354067476,0.6391569617228966,0.06625828136404632,0.14580448250944741,0.10951283017698445,wang_farmer_1p278deg2,1.278,Pearson Dark Field XID,SPIRE Dark Field near North Ecliptic Pole,SPIRE Dark Field,clean_independent
250,resthybrid25,25% ALESS,12,7.122929265722364,0.593577438810197,-0.03711710134356616,0.11690727325391023,0.10276516543456975,wang_farmer_1p278deg2,1.278,Pearson Dark Field XID,SPIRE Dark Field near North Ecliptic Pole,SPIRE Dark Field,clean_independent
250,resthybrid50,50% ALESS,12,22.279708056508266,1.8566423380423556,-0.160381186346327,0.21419605178019782,0.18553416765254283,wang_farmer_1p278deg2,1.278,Pearson Dark Field XID,SPIRE Dark Field near North Ecliptic Pole,SPIRE Dark Field,clean_independent
250,resthybrid75,75% ALESS,12,60.32623156449572,5.027185963707977,-0.3299867281517831,0.3615590786907149,0.3219616709582203,wang_farmer_1p278deg2,1.278,Pearson Dark Field XID,SPIRE Dark Field near North Ecliptic Pole,SPIRE Dark Field,clean_independent
250,wang_raw,Wang raw,12,46.103158476642776,3.8419298730535645,-0.3152692145142003,0.5026690068611523,0.38517353397226306,wang_farmer_1p278deg2,1.278,Pearson Dark Field XID,SPIRE Dark Field near North Ecliptic Pole,SPIRE Dark Field,clean_independent
350,aless,ALESS,10,154.50778557177273,15.450778557177273,-0.6415492760563979,0.6217550009230324,0.5749401156150682,wang_farmer_1p278deg2,1.278,Pearson Dark Field XID,SPIRE Dark Field near North Ecliptic Pole,SPIRE Dark Field,clean_independent
350,fsps_lirnorm,FSPS,10,27.014056009283113,2.7014056009283114,0.12580969114246887,0.19269258670337755,0.16034631948434175,wang_farmer_1p278deg2,1.278,Pearson Dark Field XID,SPIRE Dark Field near North Ecliptic Pole,SPIRE Dark Field,clean_independent
350,resthybrid25,25% ALESS,10,15.231695399222515,1.5231695399222516,-0.015095188544294202,0.1460437799850186,0.11606240444021534,wang_farmer_1p278deg2,1.278,Pearson Dark Field XID,SPIRE Dark Field near North Ecliptic Pole,SPIRE Dark Field,clean_independent
350,resthybrid50,50% ALESS,10,28.285210903891503,2.8285210903891502,-0.2091430007155809,0.2658173930599761,0.23491036259398687,wang_farmer_1p278deg2,1.278,Pearson Dark Field XID,SPIRE Dark Field near North Ecliptic Pole,SPIRE Dark Field,clean_independent
350,resthybrid75,75% ALESS,10,80.10190623640759,8.010190623640758,-0.43543774126545787,0.44280507993738083,0.39130261641126335,wang_farmer_1p278deg2,1.278,Pearson Dark Field XID,SPIRE Dark Field near North Ecliptic Pole,SPIRE Dark Field,clean_independent
350,wang_raw,Wang raw,10,41.01850462671185,4.101850462671186,-0.26676643663764865,0.3608388612436389,0.31087739163279193,wang_farmer_1p278deg2,1.278,Pearson Dark Field XID,SPIRE Dark Field near North Ecliptic Pole,SPIRE Dark Field,clean_independent
500,aless,ALESS,7,126.33436305930314,18.04776615132902,-0.6607330254091404,0.7592453830722372,0.726637281772515,wang_farmer_1p278deg2,1.278,Pearson Dark Field XID,SPIRE Dark Field near North Ecliptic Pole,SPIRE Dark Field,clean_independent
500,fsps_lirnorm,FSPS,7,25.12611031466577,3.5894443306665385,0.2346403826288062,0.2517625320734596,0.2112482467022356,wang_farmer_1p278deg2,1.278,Pearson Dark Field XID,SPIRE Dark Field near North Ecliptic Pole,SPIRE Dark Field,clean_independent
500,resthybrid25,25% ALESS,7,8.674119993099573,1.2391599990142248,0.039104908296133556,0.16562964369907468,0.13823430856108632,wang_farmer_1p278deg2,1.278,Pearson Dark Field XID,SPIRE Dark Field near North Ecliptic Pole,SPIRE Dark Field,clean_independent
500,resthybrid50,50% ALESS,7,16.05721789116392,2.293888270166274,-0.1338378137428265,0.2868252743722614,0.2308611085517825,wang_farmer_1p278deg2,1.278,Pearson Dark Field XID,SPIRE Dark Field near North Ecliptic Pole,SPIRE Dark Field,clean_independent
500,resthybrid75,75% ALESS,7,55.30724886047267,7.901035551496095,-0.4091589129273978,0.5008276635047787,0.45947497490845063,wang_farmer_1p278deg2,1.278,Pearson Dark Field XID,SPIRE Dark Field near North Ecliptic Pole,SPIRE Dark Field,clean_independent
500,wang_raw,Wang raw,7,42.55340560022521,6.079057942889316,-0.3316955655355522,0.48532725777999164,0.4122349579899088,wang_farmer_1p278deg2,1.278,Pearson Dark Field XID,SPIRE Dark Field near North Ecliptic Pole,SPIRE Dark Field,clean_independent
all,aless,ALESS,29,395.44275454802425,13.635957053380146,-0.6415492760563979,,,wang_farmer_1p278deg2,1.278,Pearson Dark Field XID,SPIRE Dark Field near North Ecliptic Pole,SPIRE Dark Field,clean_independent
all,fsps_lirnorm,FSPS,29,59.810049864623636,2.062415512573229,0.12580969114246887,,,wang_farmer_1p278deg2,1.278,Pearson Dark Field XID,SPIRE Dark Field near North Ecliptic Pole,SPIRE Dark Field,clean_independent
all,resthybrid25,25% ALESS,29,31.028744658044452,1.0699567123463605,-0.015095188544294202,,,wang_farmer_1p278deg2,1.278,Pearson Dark Field XID,SPIRE Dark Field near North Ecliptic Pole,SPIRE Dark Field,clean_independent
all,resthybrid50,50% ALESS,29,66.62213685156368,2.2973150638470234,-0.160381186346327,,,wang_farmer_1p278deg2,1.278,Pearson Dark Field XID,SPIRE Dark Field near North Ecliptic Pole,SPIRE Dark Field,clean_independent
all,resthybrid75,75% ALESS,29,195.73538666137597,6.749496091771585,-0.4091589129273978,,,wang_farmer_1p278deg2,1.278,Pearson Dark Field XID,SPIRE Dark Field near North Ecliptic Pole,SPIRE Dark Field,clean_independent
all,wang_raw,Wang raw,29,129.67506870357983,4.4715540932268905,-0.3152692145142003,,,wang_farmer_1p278deg2,1.278,Pearson Dark Field XID,SPIRE Dark Field near North Ecliptic Pole,SPIRE Dark Field,clean_independent
250,aless,ALESS,13,202.04363994318396,15.541818457167997,-0.3549359111541352,0.40403940339511013,0.3520172852357283,wang_farmer_1p278deg2,1.278,Valiante H-ATLAS DR1,H-ATLAS DR1 GAMA9+GAMA12+GAMA15,H-ATLAS,clean_independent
250,fsps_lirnorm,FSPS,13,91.89584835091298,7.068911411608691,0.2669241870194513,0.3267405850879772,0.2716515346347912,wang_farmer_1p278deg2,1.278,Valiante H-ATLAS DR1,H-ATLAS DR1 GAMA9+GAMA12+GAMA15,H-ATLAS,clean_independent
250,resthybrid25,25% ALESS,13,31.061261294093676,2.3893277918533595,0.0877071514370175,0.2796181101541153,0.20235188977244437,wang_farmer_1p278deg2,1.278,Valiante H-ATLAS DR1,H-ATLAS DR1 GAMA9+GAMA12+GAMA15,H-ATLAS,clean_independent
250,resthybrid50,50% ALESS,13,36.16956665269347,2.7822743578994977,-0.10901076717683925,0.18042041360067312,0.17080832410441044,wang_farmer_1p278deg2,1.278,Valiante H-ATLAS DR1,H-ATLAS DR1 GAMA9+GAMA12+GAMA15,H-ATLAS,clean_independent
250,resthybrid75,75% ALESS,13,112.17845641196492,8.629112031689608,-0.23305175760661165,0.2883359256012145,0.2431670796478042,wang_farmer_1p278deg2,1.278,Valiante H-ATLAS DR1,H-ATLAS DR1 GAMA9+GAMA12+GAMA15,H-ATLAS,clean_independent
250,wang_raw,Wang raw,9,89.44314054927628,9.938126727697364,-0.4042860706452607,0.5531521181447064,0.48774786673305187,wang_farmer_1p278deg2,1.278,Valiante H-ATLAS DR1,H-ATLAS DR1 GAMA9+GAMA12+GAMA15,H-ATLAS,clean_independent
350,aless,ALESS,13,189.74351445019715,14.595654957707474,-0.13574250649791758,0.41584364213044755,0.3243803632129788,wang_farmer_1p278deg2,1.278,Valiante H-ATLAS DR1,H-ATLAS DR1 GAMA9+GAMA12+GAMA15,H-ATLAS,clean_independent
350,fsps_lirnorm,FSPS,13,215.8140141733738,16.601078013336448,0.4811517265703348,0.5687069193189227,0.49575614134264206,wang_farmer_1p278deg2,1.278,Valiante H-ATLAS DR1,H-ATLAS DR1 GAMA9+GAMA12+GAMA15,H-ATLAS,clean_independent
350,resthybrid25,25% ALESS,13,75.99043328563415,5.845417945048781,0.17300597979932775,0.3544363128938015,0.26832615973485274,wang_farmer_1p278deg2,1.278,Valiante H-ATLAS DR1,H-ATLAS DR1 GAMA9+GAMA12+GAMA15,H-ATLAS,clean_independent
350,resthybrid50,50% ALESS,13,77.14579930021885,5.9342922538629885,0.27891541669457065,0.3995299869229122,0.34927837407922213,wang_farmer_1p278deg2,1.278,Valiante H-ATLAS DR1,H-ATLAS DR1 GAMA9+GAMA12+GAMA15,H-ATLAS,clean_independent
350,resthybrid75,75% ALESS,13,152.44086752956602,11.726220579197387,0.09174878227459896,0.4799423475984687,0.4332300092278621,wang_farmer_1p278deg2,1.278,Valiante H-ATLAS DR1,H-ATLAS DR1 GAMA9+GAMA12+GAMA15,H-ATLAS,clean_independent
350,wang_raw,Wang raw,5,70.74302581951733,14.148605163903465,-0.4571757456810955,0.39320270909646243,0.3661597035768879,wang_farmer_1p278deg2,1.278,Valiante H-ATLAS DR1,H-ATLAS DR1 GAMA9+GAMA12+GAMA15,H-ATLAS,clean_independent
500,aless,ALESS,13,151.46231989823912,11.650947684479933,0.17397364718311226,0.6654797243002244,0.58844770796892,wang_farmer_1p278deg2,1.278,Valiante H-ATLAS DR1,H-ATLAS DR1 GAMA9+GAMA12+GAMA15,H-ATLAS,clean_independent
500,fsps_lirnorm,FSPS,13,279.83363745887016,21.525664419913088,0.8930153048473667,0.8903120429203569,0.801366875639422,wang_farmer_1p278deg2,1.278,Valiante H-ATLAS DR1,H-ATLAS DR1 GAMA9+GAMA12+GAMA15,H-ATLAS,clean_independent
500,resthybrid25,25% ALESS,13,122.53053182038042,9.425425524644648,0.7238141827055324,0.6991384543544565,0.5921548493182941,wang_farmer_1p278deg2,1.278,Valiante H-ATLAS DR1,H-ATLAS DR1 GAMA9+GAMA12+GAMA15,H-ATLAS,clean_independent
500,resthybrid50,50% ALESS,13,103.82211831950978,7.986316793808445,0.5752802440718161,0.7022218778782152,0.6116083155611655,wang_farmer_1p278deg2,1.278,Valiante H-ATLAS DR1,H-ATLAS DR1 GAMA9+GAMA12+GAMA15,H-ATLAS,clean_independent
500,resthybrid75,75% ALESS,13,97.98847921494054,7.537575324226196,0.41997463640839283,0.5964376318135001,0.5555980702040383,wang_farmer_1p278deg2,1.278,Valiante H-ATLAS DR1,H-ATLAS DR1 GAMA9+GAMA12+GAMA15,H-ATLAS,clean_independent
500,wang_raw,Wang raw,4,67.50816093647643,16.877040234119107,-0.5624867006576286,0.5576164062285272,0.5335863989595875,wang_farmer_1p278deg2,1.278,Valiante H-ATLAS DR1,H-ATLAS DR1 GAMA9+GAMA12+GAMA15,H-ATLAS,clean_independent
all,aless,ALESS,39,543.2494742916202,13.929473699785134,-0.13574250649791758,,,wang_farmer_1p278deg2,1.278,Valiante H-ATLAS DR1,H-ATLAS DR1 GAMA9+GAMA12+GAMA15,H-ATLAS,clean_independent
all,fsps_lirnorm,FSPS,39,587.543499983157,15.065217948286076,0.4811517265703348,,,wang_farmer_1p278deg2,1.278,Valiante H-ATLAS DR1,H-ATLAS DR1 GAMA9+GAMA12+GAMA15,H-ATLAS,clean_independent
all,resthybrid25,25% ALESS,39,229.58222640010825,5.88672375384893,0.17300597979932775,,,wang_farmer_1p278deg2,1.278,Valiante H-ATLAS DR1,H-ATLAS DR1 GAMA9+GAMA12+GAMA15,H-ATLAS,clean_independent
all,resthybrid50,50% ALESS,39,217.1374842724221,5.567627801856977,0.27891541669457065,,,wang_farmer_1p278deg2,1.278,Valiante H-ATLAS DR1,H-ATLAS DR1 GAMA9+GAMA12+GAMA15,H-ATLAS,clean_independent
all,resthybrid75,75% ALESS,39,362.60780315647145,9.297635978371062,0.09174878227459896,,,wang_farmer_1p278deg2,1.278,Valiante H-ATLAS DR1,H-ATLAS DR1 GAMA9+GAMA12+GAMA15,H-ATLAS,clean_independent
all,wang_raw,Wang raw,18,227.69432730527004,12.649684850292779,-0.43073090816317805,,,wang_farmer_1p278deg2,1.278,Valiante H-ATLAS DR1,H-ATLAS DR1 GAMA9+GAMA12+GAMA15,H-ATLAS,clean_independent
