band_um,population,flux_cut_mjy,area_name,area_deg2,N_positive_flux_ge_cut,N_snr3_flux_ge_cut,N_snr5_flux_ge_cut,N_positive_per_deg2,N_snr3_per_deg2,N_snr5_per_deg2,snr3_fraction_of_flux_cut
250,all_wang_prior_rows,5,wang_farmer_flag_combined0,1.278,8917,7676,5484,6977.308294209703,6006.259780907668,4291.079812206573,0.860827632611865
250,all_wang_prior_rows,5,old_full_cosmos_approx,2.0,8917,7676,5484,4458.5,3838.0,2742.0,0.860827632611865
250,all_wang_prior_rows,10,wang_farmer_flag_combined0,1.278,5056,4824,4318,3956.1815336463224,3774.6478873239435,3378.716744913928,0.9541139240506329
250,all_wang_prior_rows,10,old_full_cosmos_approx,2.0,5056,4824,4318,2528.0,2412.0,2159.0,0.9541139240506329
250,all_wang_prior_rows,20,wang_farmer_flag_combined0,1.278,1500,1486,1434,1173.7089201877934,1162.754303599374,1122.0657276995305,0.9906666666666667
250,all_wang_prior_rows,20,old_full_cosmos_approx,2.0,1500,1486,1434,750.0,743.0,717.0,0.9906666666666667
250,all_wang_prior_rows,50,wang_farmer_flag_combined0,1.278,84,84,84,65.72769953051643,65.72769953051643,65.72769953051643,1.0
250,all_wang_prior_rows,50,old_full_cosmos_approx,2.0,84,84,84,42.0,42.0,42.0,1.0
250,all_wang_prior_rows,100,wang_farmer_flag_combined0,1.278,2,2,2,1.5649452269170578,1.5649452269170578,1.5649452269170578,1.0
250,all_wang_prior_rows,100,old_full_cosmos_approx,2.0,2,2,2,1.0,1.0,1.0,1.0
250,positive_cosmos2020_ids_only,5,wang_farmer_flag_combined0,1.278,7064,6037,4225,5527.386541471048,4723.787167449139,3305.946791862285,0.8546149490373726
250,positive_cosmos2020_ids_only,5,old_full_cosmos_approx,2.0,7064,6037,4225,3532.0,3018.5,2112.5,0.8546149490373726
250,positive_cosmos2020_ids_only,10,wang_farmer_flag_combined0,1.278,3849,3668,3265,3011.737089201878,2870.1095461658842,2554.773082942097,0.9529747986489997
250,positive_cosmos2020_ids_only,10,old_full_cosmos_approx,2.0,3849,3668,3265,1924.5,1834.0,1632.5,0.9529747986489997
250,positive_cosmos2020_ids_only,20,wang_farmer_flag_combined0,1.278,1085,1076,1034,848.9827856025039,841.9405320813771,809.0766823161189,0.9917050691244239
250,positive_cosmos2020_ids_only,20,old_full_cosmos_approx,2.0,1085,1076,1034,542.5,538.0,517.0,0.9917050691244239
250,positive_cosmos2020_ids_only,50,wang_farmer_flag_combined0,1.278,47,47,47,36.77621283255086,36.77621283255086,36.77621283255086,1.0
250,positive_cosmos2020_ids_only,50,old_full_cosmos_approx,2.0,47,47,47,23.5,23.5,23.5,1.0
250,positive_cosmos2020_ids_only,100,wang_farmer_flag_combined0,1.278,2,2,2,1.5649452269170578,1.5649452269170578,1.5649452269170578,1.0
250,positive_cosmos2020_ids_only,100,old_full_cosmos_approx,2.0,2,2,2,1.0,1.0,1.0,1.0
350,all_wang_prior_rows,5,wang_farmer_flag_combined0,1.278,6973,5124,3113,5456.181533646322,4009.389671361502,2435.8372456964007,0.7348343611071275
350,all_wang_prior_rows,5,old_full_cosmos_approx,2.0,6973,5124,3113,3486.5,2562.0,1556.5,0.7348343611071275
350,all_wang_prior_rows,10,wang_farmer_flag_combined0,1.278,3478,3168,2571,2721.4397496087636,2478.8732394366198,2011.737089201878,0.9108683151236343
350,all_wang_prior_rows,10,old_full_cosmos_approx,2.0,3478,3168,2571,1739.0,1584.0,1285.5,0.9108683151236343
350,all_wang_prior_rows,20,wang_farmer_flag_combined0,1.278,858,836,796,671.3615023474179,654.1471048513301,622.848200312989,0.9743589743589743
350,all_wang_prior_rows,20,old_full_cosmos_approx,2.0,858,836,796,429.0,418.0,398.0,0.9743589743589743
350,all_wang_prior_rows,50,wang_farmer_flag_combined0,1.278,18,18,18,14.08450704225352,14.08450704225352,14.08450704225352,1.0
350,all_wang_prior_rows,50,old_full_cosmos_approx,2.0,18,18,18,9.0,9.0,9.0,1.0
350,all_wang_prior_rows,100,wang_farmer_flag_combined0,1.278,0,0,0,0.0,0.0,0.0,
350,all_wang_prior_rows,100,old_full_cosmos_approx,2.0,0,0,0,0.0,0.0,0.0,
350,positive_cosmos2020_ids_only,5,wang_farmer_flag_combined0,1.278,5453,3943,2337,4266.823161189358,3085.2895148669795,1828.6384976525821,0.7230882083256923
350,positive_cosmos2020_ids_only,5,old_full_cosmos_approx,2.0,5453,3943,2337,2726.5,1971.5,1168.5,0.7230882083256923
350,positive_cosmos2020_ids_only,10,wang_farmer_flag_combined0,1.278,2609,2367,1913,2041.471048513302,1852.112676056338,1496.8701095461658,0.907244154848601
350,positive_cosmos2020_ids_only,10,old_full_cosmos_approx,2.0,2609,2367,1913,1304.5,1183.5,956.5,0.907244154848601
350,positive_cosmos2020_ids_only,20,wang_farmer_flag_combined0,1.278,609,596,566,476.5258215962441,466.3536776212832,442.8794992175274,0.9786535303776683
350,positive_cosmos2020_ids_only,20,old_full_cosmos_approx,2.0,609,596,566,304.5,298.0,283.0,0.9786535303776683
350,positive_cosmos2020_ids_only,50,wang_farmer_flag_combined0,1.278,12,12,12,9.389671361502348,9.389671361502348,9.389671361502348,1.0
350,positive_cosmos2020_ids_only,50,old_full_cosmos_approx,2.0,12,12,12,6.0,6.0,6.0,1.0
350,positive_cosmos2020_ids_only,100,wang_farmer_flag_combined0,1.278,0,0,0,0.0,0.0,0.0,
350,positive_cosmos2020_ids_only,100,old_full_cosmos_approx,2.0,0,0,0,0.0,0.0,0.0,
500,all_wang_prior_rows,5,wang_farmer_flag_combined0,1.278,3772,2227,1069,2951.4866979655712,1742.566510172144,836.4632237871674,0.5904029692470838
500,all_wang_prior_rows,5,old_full_cosmos_approx,2.0,3772,2227,1069,1886.0,1113.5,534.5,0.5904029692470838
500,all_wang_prior_rows,10,wang_farmer_flag_combined0,1.278,1405,1211,854,1099.374021909233,947.5743348982785,668.2316118935837,0.8619217081850534
500,all_wang_prior_rows,10,old_full_cosmos_approx,2.0,1405,1211,854,702.5,605.5,427.0,0.8619217081850534
500,all_wang_prior_rows,20,wang_farmer_flag_combined0,1.278,232,225,202,181.5336463223787,176.05633802816902,158.05946791862286,0.9698275862068966
500,all_wang_prior_rows,20,old_full_cosmos_approx,2.0,232,225,202,116.0,112.5,101.0,0.9698275862068966
500,all_wang_prior_rows,50,wang_farmer_flag_combined0,1.278,1,1,0,0.7824726134585289,0.7824726134585289,0.0,1.0
500,all_wang_prior_rows,50,old_full_cosmos_approx,2.0,1,1,0,0.5,0.5,0.0,1.0
500,all_wang_prior_rows,100,wang_farmer_flag_combined0,1.278,0,0,0,0.0,0.0,0.0,
500,all_wang_prior_rows,100,old_full_cosmos_approx,2.0,0,0,0,0.0,0.0,0.0,
500,positive_cosmos2020_ids_only,5,wang_farmer_flag_combined0,1.278,2866,1646,750,2242.566510172144,1287.9499217527386,586.8544600938967,0.5743196092114445
500,positive_cosmos2020_ids_only,5,old_full_cosmos_approx,2.0,2866,1646,750,1433.0,823.0,375.0,0.5743196092114445
500,positive_cosmos2020_ids_only,10,wang_farmer_flag_combined0,1.278,1019,860,599,797.339593114241,672.9264475743349,468.70109546165884,0.8439646712463199
500,positive_cosmos2020_ids_only,10,old_full_cosmos_approx,2.0,1019,860,599,509.5,430.0,299.5,0.8439646712463199
500,positive_cosmos2020_ids_only,20,wang_farmer_flag_combined0,1.278,147,144,129,115.02347417840376,112.67605633802816,100.93896713615024,0.9795918367346939
500,positive_cosmos2020_ids_only,20,old_full_cosmos_approx,2.0,147,144,129,73.5,72.0,64.5,0.9795918367346939
500,positive_cosmos2020_ids_only,50,wang_farmer_flag_combined0,1.278,1,1,0,0.7824726134585289,0.7824726134585289,0.0,1.0
500,positive_cosmos2020_ids_only,50,old_full_cosmos_approx,2.0,1,1,0,0.5,0.5,0.0,1.0
500,positive_cosmos2020_ids_only,100,wang_farmer_flag_combined0,1.278,0,0,0,0.0,0.0,0.0,
500,positive_cosmos2020_ids_only,100,old_full_cosmos_approx,2.0,0,0,0,0.0,0.0,0.0,
850,all_wang_prior_rows,5,wang_farmer_flag_combined0,1.278,203,196,166,158.84194053208137,153.36463223787166,129.89045383411582,0.9655172413793104
850,all_wang_prior_rows,5,old_full_cosmos_approx,2.0,203,196,166,101.5,98.0,83.0,0.9655172413793104
850,all_wang_prior_rows,10,wang_farmer_flag_combined0,1.278,16,16,15,12.519561815336463,12.519561815336463,11.737089201877934,1.0
850,all_wang_prior_rows,10,old_full_cosmos_approx,2.0,16,16,15,8.0,8.0,7.5,1.0
850,all_wang_prior_rows,20,wang_farmer_flag_combined0,1.278,0,0,0,0.0,0.0,0.0,
850,all_wang_prior_rows,20,old_full_cosmos_approx,2.0,0,0,0,0.0,0.0,0.0,
850,all_wang_prior_rows,50,wang_farmer_flag_combined0,1.278,0,0,0,0.0,0.0,0.0,
850,all_wang_prior_rows,50,old_full_cosmos_approx,2.0,0,0,0,0.0,0.0,0.0,
850,all_wang_prior_rows,100,wang_farmer_flag_combined0,1.278,0,0,0,0.0,0.0,0.0,
850,all_wang_prior_rows,100,old_full_cosmos_approx,2.0,0,0,0,0.0,0.0,0.0,
850,positive_cosmos2020_ids_only,5,wang_farmer_flag_combined0,1.278,118,114,98,92.33176838810641,89.2018779342723,76.68231611893583,0.9661016949152542
850,positive_cosmos2020_ids_only,5,old_full_cosmos_approx,2.0,118,114,98,59.0,57.0,49.0,0.9661016949152542
850,positive_cosmos2020_ids_only,10,wang_farmer_flag_combined0,1.278,9,9,9,7.04225352112676,7.04225352112676,7.04225352112676,1.0
850,positive_cosmos2020_ids_only,10,old_full_cosmos_approx,2.0,9,9,9,4.5,4.5,4.5,1.0
850,positive_cosmos2020_ids_only,20,wang_farmer_flag_combined0,1.278,0,0,0,0.0,0.0,0.0,
850,positive_cosmos2020_ids_only,20,old_full_cosmos_approx,2.0,0,0,0,0.0,0.0,0.0,
850,positive_cosmos2020_ids_only,50,wang_farmer_flag_combined0,1.278,0,0,0,0.0,0.0,0.0,
850,positive_cosmos2020_ids_only,50,old_full_cosmos_approx,2.0,0,0,0,0.0,0.0,0.0,
850,positive_cosmos2020_ids_only,100,wang_farmer_flag_combined0,1.278,0,0,0,0.0,0.0,0.0,
850,positive_cosmos2020_ids_only,100,old_full_cosmos_approx,2.0,0,0,0,0.0,0.0,0.0,
